custid,response_01,townsize,gender,agecat,edcat,jobcat,union,empcat,card2tenurecat,equip,wireless,internet,callid,callwait,forward,confer,ebill,region
4459-VLPQUH-3OL,1,3,0,2,3,2,0,1,2,0,0,2,0,0,0,0,1,4
9124-DZALHM-S6I,1,3,1,6,2,1,0,4,5,0,0,0,0,0,0,0,0,2
2228-KOLOPU-FY3,1,5,1,3,1,1,0,2,3,0,0,0,1,1,1,1,0,5
2866-TTOTKL-TA7,1,4,0,6,1,3,0,5,4,0,0,0,0,0,0,0,0,5
7217-UECHSF-PCR,1,1,1,4,1,2,0,2,3,0,1,1,1,1,1,1,0,1
4166-WEDNXN-5RK,1,4,0,2,3,3,0,1,2,0,0,1,0,0,0,0,0,5
1114-UELZXT-QT7,1,1,1,6,1,4,0,5,5,0,0,0,1,1,1,1,0,4
2687-GRSYRT-YRW,1,3,0,3,2,2,1,2,3,0,0,0,0,0,0,0,1,4
4115-RQKQTM-RXB,1,4,0,6,1,1,0,5,5,0,0,0,0,1,0,1,1,1
5052-NKTQMH-BKA,1,2,1,4,2,2,0,2,3,0,0,0,0,0,0,0,0,1
0198-MUHWOZ-918,1,1,1,3,3,2,0,1,2,0,0,2,0,0,0,0,0,1
3330-YCHJNM-YA1,1,3,1,6,4,2,1,2,5,1,1,2,1,0,1,1,1,1
4629-OUAIRK-MZH,1,2,0,6,4,3,0,5,4,0,0,0,1,1,1,1,0,5
2578-QQXNBH-3G2,1,2,0,3,2,5,1,3,1,0,0,0,1,1,1,1,0,2
8931-XMXDFT-RXL,1,1,1,6,1,4,0,5,5,0,0,0,1,0,1,1,0,1
7570-FPTDKK-0IF,1,3,1,5,1,6,0,5,5,0,0,0,0,0,0,0,0,4
9249-AXADUL-D5S,1,2,1,5,3,1,0,4,4,1,0,0,0,0,0,0,0,1
7426-RJRFFK-CYX,1,4,0,6,1,1,0,5,5,0,0,0,0,1,1,0,0,2
1570-TKBDYZ-6W5,1,5,0,5,2,1,0,5,4,0,0,0,0,1,0,0,0,5
0423-RHVQHI-61H,1,5,0,6,3,2,0,2,3,0,0,1,0,0,0,0,0,5
2563-WMFFVX-82H,1,5,0,4,5,2,0,2,3,1,1,3,1,1,1,0,1,5
3174-AHTEYY-QJK,1,3,1,6,1,2,0,3,3,0,0,0,1,1,1,1,0,4
9513-EFLYMG-UEA,1,1,1,6,1,2,0,4,5,0,0,0,1,1,1,1,0,2
7141-HNJHVQ-3VB,1,5,1,5,1,5,1,4,4,0,0,0,1,1,1,1,0,5
7670-PQQZMH-YSU,1,2,0,3,4,5,0,3,3,1,1,4,1,1,1,1,1,4
1018-INNKLF-Y2Q,1,3,1,5,1,3,0,5,5,0,0,0,1,1,1,1,0,5
3011-YSOAMU-FQ2,1,1,0,5,4,6,0,5,5,1,1,2,0,0,0,0,1,3
7648-KAUMVM-HEU,1,2,0,4,3,2,0,2,3,0,0,2,1,1,0,1,1,4
7233-HQDDYC-VK3,1,5,0,2,2,2,0,1,1,0,0,1,0,1,1,1,0,4
5725-ECSRUB-X5V,1,1,0,4,3,6,0,3,4,0,0,1,1,1,1,0,0,1
4128-WQIOMO-MJX,1,1,1,4,1,3,0,4,5,0,0,1,0,0,0,0,0,1
5739-BYRLOH-4E9,1,3,1,2,2,5,0,1,2,0,0,0,1,1,1,1,0,4
5023-GJPZGQ-PDD,1,2,0,6,1,3,0,4,3,0,0,0,0,0,1,1,0,3
2175-VGCTPF-370,1,4,0,6,2,2,0,3,4,0,0,0,0,1,1,1,0,4
2603-JDZIQN-SZF,1,3,1,5,2,2,0,3,3,0,0,0,1,1,1,1,0,5
3542-FMTLYP-O4P,1,5,0,4,1,3,0,4,5,0,0,0,1,1,1,1,0,5
7524-OITCVK-NGI,1,2,1,2,2,5,0,1,1,0,0,2,1,1,1,1,0,2
0256-VFLEDH-Y42,1,2,0,3,4,1,0,1,4,1,0,4,0,0,0,0,1,1
1492-MUMVFT-GK0,1,3,1,2,1,1,0,2,2,0,0,0,0,0,0,0,0,2
7442-PTTPUB-IR1,1,2,0,6,3,1,1,5,5,0,0,0,1,0,1,0,0,3
5575-OHSPKK-PQT,1,1,0,4,2,3,0,5,4,0,1,0,1,1,1,1,0,3
7449-JUWOQG-ETO,1,1,0,5,1,5,0,5,5,0,0,0,0,1,0,1,0,2
9369-JGANTZ-TWM,1,2,1,2,1,3,0,1,1,0,0,1,1,0,1,1,0,1
8877-ZFRMNO-VHG,1,5,1,6,4,6,0,5,3,0,0,0,1,1,1,1,0,3
2627-JVEEIV-9S6,1,5,1,4,1,2,0,2,5,0,0,0,0,0,1,1,0,5
2247-HJDSTO-CGV,1,1,0,6,2,1,0,4,5,0,0,0,1,0,1,0,1,2
2394-ACVTAK-ENR,1,1,1,5,5,1,1,3,5,1,1,2,1,1,1,1,1,2
2589-LDUDOZ-UZ9,1,5,1,3,2,5,0,3,5,1,0,3,1,1,1,1,0,5
5912-YTXPVG-BNA,1,5,0,5,2,6,0,5,5,0,0,0,0,1,1,1,0,5
1044-QRFUCQ-ROS,1,2,0,4,2,2,0,2,2,0,0,0,1,1,1,1,0,1
7147-LQCKDM-EOP,1,4,0,5,2,2,0,3,3,0,0,0,0,0,0,0,0,2
7626-FZMBJH-OQD,1,1,0,5,1,5,0,5,5,0,0,1,0,0,1,0,0,5
3089-YPDOZJ-LRJ,1,3,1,4,1,1,0,4,3,0,0,0,1,1,1,1,0,4
9428-PNSZFS-80P,1,1,1,4,2,2,0,1,1,0,0,0,1,1,1,1,0,1
5549-BMXRWY-0CZ,1,1,1,6,1,1,0,5,5,0,0,0,0,1,0,1,0,3
6035-BJITZI-CTD,1,5,1,3,2,2,0,1,2,0,0,0,0,0,1,1,0,5
7858-HZMYYL-SX0,1,5,0,4,1,2,0,2,2,0,0,0,1,0,0,1,0,5
2685-JGCTCK-CAA,1,2,0,6,2,1,0,5,5,0,1,0,1,1,1,1,0,3
9976-EWHQDK-CWR,1,3,1,5,1,6,0,5,5,0,0,0,1,1,1,1,0,3
3436-NIDSLT-XB7,1,4,1,2,2,4,0,1,1,0,0,0,1,1,0,0,0,1
0707-GXMTZS-HUH,1,2,0,6,2,2,1,5,5,0,0,0,1,1,0,0,0,1
8336-FKVSKN-ZRS,1,2,1,3,1,1,0,2,4,0,0,0,0,0,0,0,0,5
1567-HTQZHJ-ZZH,1,1,1,2,2,2,0,1,1,0,1,3,1,1,1,1,0,4
3393-NQWUZE-BLU,1,3,0,3,2,1,0,2,4,1,1,3,1,1,1,1,1,2
4538-HQXUHM-ANV,1,1,0,4,3,6,0,3,5,0,1,2,1,1,1,1,1,1
6190-YQUYJH-0R0,1,1,1,3,2,3,0,2,2,0,0,1,0,0,1,0,0,1
8186-AQAHQR-DXH,1,2,0,6,2,2,0,4,4,1,0,2,1,0,0,0,0,1
5077-FHXWSD-9M7,1,4,0,5,2,2,0,3,4,0,0,0,0,1,0,0,0,5
6340-RNSKSA-Q6S,1,2,0,4,1,1,1,3,3,0,0,0,1,1,1,1,0,2
4314-SOPKIL-OLR,1,3,0,5,4,6,0,4,5,1,0,4,1,0,0,0,1,4
7803-BRQTCG-6NW,1,5,0,2,2,5,1,1,1,1,1,0,1,1,1,1,0,5
1615-ZJOTGT-YBL,1,5,1,3,4,2,0,1,2,0,1,3,0,1,1,1,1,4
5520-FWQJTG-3CN,1,4,0,2,2,3,1,2,2,0,0,0,1,1,1,1,0,4
4543-FDRXDN-QX7,1,1,0,6,2,1,1,3,5,0,0,0,0,0,0,0,0,3
8202-EKJFVH-DLL,1,3,0,3,1,2,0,1,3,0,0,0,0,0,0,0,1,2
6460-XYMZQS-PTJ,1,1,0,5,2,5,0,5,5,0,0,0,1,1,1,1,0,1
7983-HKLXGL-UZO,1,1,1,6,2,1,0,5,4,0,0,0,1,0,0,1,0,3
3022-QGLIBG-Y5M,1,2,1,6,1,2,0,4,5,0,0,0,0,0,0,0,0,3
2553-FRAOFI-SZX,1,3,0,3,2,3,0,2,2,1,1,2,1,1,1,1,0,5
9550-BYTUWR-QG4,1,4,0,2,2,2,0,1,1,0,0,0,1,1,1,1,0,5
8547-RLCZHH-HZ6,1,2,0,4,1,2,0,2,5,0,0,0,1,0,1,1,0,3
7524-LLKYHT-GPQ,1,1,1,3,2,6,0,3,4,0,0,0,0,1,0,1,0,2
2032-UQNDRB-U3N,1,1,1,5,1,2,0,2,4,0,0,0,1,1,1,1,0,1
4852-ZMXTZD-J4J,1,4,1,5,2,3,0,5,4,0,0,0,1,1,1,1,0,5
5110-WHLWIT-LZ9,1,4,0,3,1,1,0,2,2,0,0,0,1,1,1,1,0,3
2160-NYPZTX-5N1,1,5,1,5,2,6,0,5,5,0,0,1,0,0,0,0,1,2
4683-VRQLDK-SUP,1,5,1,5,1,3,0,4,5,0,0,0,1,1,1,1,0,5
7067-JPCCIH-NMD,1,2,1,4,1,3,0,4,4,0,0,0,1,1,1,0,0,2
2607-JYHQAJ-PXS,1,3,0,4,1,3,0,3,5,0,0,0,0,0,1,1,0,5
0172-KSFHLM-V76,1,2,0,4,1,2,0,3,3,0,0,0,1,1,1,1,0,3
0556-MOOWPK-HFE,1,1,1,5,3,6,0,5,5,1,1,4,1,1,1,1,1,1
3957-ABEZXA-PIV,1,1,0,5,2,2,0,3,5,0,0,0,1,1,0,0,0,2
5784-DIWCFC-282,1,5,0,5,2,6,0,5,5,0,0,0,1,1,1,1,0,4
0845-ZNPTKF-CKD,1,3,0,3,3,2,0,1,1,0,0,0,1,1,1,1,0,2
4500-JRIATB-YGQ,1,5,1,3,4,1,0,2,1,1,0,3,1,1,0,1,1,3
0934-PMNAUP-18N,1,4,1,2,1,3,0,2,3,0,0,0,1,1,1,1,0,3
4882-LFDOGJ-387,1,5,1,3,2,6,0,3,5,1,0,2,1,0,0,1,0,5
1382-WYHHUX-JRX,1,4,1,4,2,4,0,3,5,0,0,0,0,0,0,0,0,5
6424-HHPNRP-MXW,1,3,1,4,3,4,0,4,4,0,0,0,1,0,0,1,0,2
3305-BQDJND-MXY,1,5,1,4,2,1,0,2,5,0,0,0,1,1,1,1,0,5
2572-TOGWQI-F7T,1,3,0,3,1,3,0,3,4,0,0,0,1,1,1,1,0,2
7284-IDVWBG-1CD,1,5,0,5,4,2,0,2,4,0,0,1,1,1,1,1,1,1
5315-KXMKSF-HHP,1,1,1,4,2,3,0,3,3,0,0,0,0,0,0,0,1,1
0665-MNBZIA-8F2,1,1,1,4,2,2,0,2,2,0,0,0,0,0,1,1,0,1
6665-LFQNEK-0QZ,1,2,1,5,1,6,0,5,5,0,0,0,1,1,1,1,0,5
7734-RQNCWZ-HKY,1,2,0,5,1,4,0,5,5,0,1,0,1,1,1,1,0,4
0394-AVUMJX-JAH,1,2,1,4,4,4,0,3,4,0,0,3,0,0,0,1,1,3
9517-AJMRRS-H7Q,1,5,0,4,2,6,1,4,3,0,1,1,1,1,1,1,0,5
2233-VVYISL-VUT,1,2,1,4,4,2,0,2,3,1,0,1,0,0,0,1,1,2
1100-MHOLDR-TXJ,1,1,1,3,4,1,0,2,2,1,0,1,0,1,0,0,1,1
7157-ZSGQGF-P1D,1,1,0,2,2,2,0,1,1,1,1,2,1,1,1,1,1,3
4316-WQSXNZ-J9C,1,3,1,4,4,6,1,3,4,0,0,1,1,1,1,1,0,5
8759-ITPNSL-XL6,1,4,0,3,4,1,0,1,3,0,0,0,1,1,0,1,0,5
5483-UPUYLE-9GI,1,2,0,5,3,5,0,5,3,0,1,4,1,1,1,1,1,1
9730-HTXQGE-VQU,1,3,0,4,3,2,0,2,3,0,0,0,0,0,0,0,0,1
1227-UVXTFQ-LIH,1,3,0,5,3,2,0,4,5,0,0,0,1,1,0,0,1,5
1083-PBHZLD-1OD,1,1,1,6,3,5,1,5,5,0,0,2,0,0,0,0,1,5
3957-YFDRRZ-S0R,1,2,1,6,1,4,0,5,5,0,0,0,0,0,0,0,0,1
9380-CEFWSG-TR8,1,3,1,2,3,1,0,1,2,1,1,3,1,1,1,0,1,3
9122-PFMHXH-M31,1,3,0,4,1,2,0,2,5,0,0,0,0,0,0,0,0,1
4420-KFHEEQ-C35,1,2,1,4,4,2,0,3,3,0,0,3,1,1,1,1,0,2
4992-SKSPGD-T2A,1,4,0,6,1,6,0,5,5,0,0,1,0,1,0,0,0,5
3689-EBNKFV-ZQ3,1,1,1,5,2,1,0,3,3,1,0,0,0,1,1,1,1,1
0008-ZIQQOT-SGB,1,1,1,4,5,2,0,2,2,1,1,0,1,1,1,1,1,3
2448-XAAFIA-R0M,1,4,0,6,2,1,0,5,3,0,0,0,0,1,0,0,0,4
4622-EVSSLJ-PV5,1,2,1,6,1,6,0,5,5,0,0,0,1,1,1,0,0,3
9860-KXZFDN-O45,1,2,1,4,1,2,0,2,5,0,0,0,0,0,0,0,0,2
6502-SRXLSL-ZSM,1,4,0,4,2,6,0,5,5,0,1,0,1,1,0,1,0,3
2874-SMDULU-1HO,1,1,1,5,3,1,0,4,5,0,0,0,0,0,0,0,0,3
2320-VQPIQQ-GNI,1,4,1,3,2,2,0,1,2,0,0,0,0,0,0,0,0,5
8092-HQOERF-AHP,1,3,1,2,4,1,0,1,2,0,1,2,1,1,1,1,1,3
3324-QPKGNA-59G,1,1,0,3,2,1,0,3,2,0,0,0,0,1,1,1,0,1
0257-JWKZZF-G0Y,1,5,1,5,1,5,0,5,5,0,0,0,0,0,0,0,0,5
9327-NQZHKL-ZQC,1,4,0,5,1,3,0,5,2,0,0,0,0,1,0,0,0,2
2595-GKBUAC-XWF,1,2,1,5,1,6,0,5,5,0,0,0,0,0,0,1,0,1
3491-OKPJLS-IP6,1,5,1,3,2,3,0,2,3,0,0,0,1,1,0,1,0,3
2790-WKBKUI-SYH,1,5,1,3,2,3,0,2,3,0,0,3,0,1,0,0,1,5
4695-GKGJEO-J80,1,1,1,6,1,2,1,3,2,0,0,0,0,0,0,1,0,3
3432-TSCYSJ-VAA,1,4,1,2,2,6,0,1,1,1,1,2,0,1,0,0,1,5
9791-YBDYWO-6TU,1,2,0,5,3,1,0,4,5,0,1,0,1,1,1,1,0,5
2452-FHGGNN-K41,1,1,0,5,2,2,0,3,2,0,1,0,1,1,1,1,0,1
6243-SQPFJQ-NNQ,1,3,1,5,1,5,1,5,5,0,0,0,0,0,1,0,0,4
8638-OGVKLB-VOI,1,2,1,5,2,2,0,2,2,0,1,2,1,1,1,1,0,3
2076-HUZSPZ-MGH,1,1,0,6,2,2,0,2,5,0,0,0,0,0,0,0,0,3
5992-STZUEJ-17R,1,4,1,5,1,1,0,5,5,0,1,1,1,1,1,1,0,2
8109-MSHFRU-LDE,1,5,1,2,2,1,0,1,1,0,0,0,1,1,1,1,0,4
1522-EVEYND-4I4,1,1,1,5,2,1,0,3,4,1,1,1,1,1,1,1,1,2
5337-EUXOCW-N3Y,1,2,1,6,4,1,0,5,5,0,0,0,1,0,1,0,0,2
6945-WYTDMW-S3A,1,2,1,6,1,2,0,5,5,0,0,0,1,1,1,0,0,2
2719-FWSBVY-XOL,1,1,1,5,2,2,1,2,3,0,0,0,0,0,1,1,0,5
2036-TFDMSS-V5G,1,5,1,3,2,1,0,3,5,0,0,0,0,1,1,1,0,1
7456-PTKLMX-BTI,1,1,1,6,4,2,0,3,3,0,1,2,1,1,1,1,1,1
6759-HAAEZH-4VK,1,3,0,3,2,2,0,2,3,0,0,0,1,0,1,1,0,1
6771-YPYGMC-EUQ,1,2,0,6,2,5,0,5,4,0,0,0,0,0,0,0,0,3
8514-ZEYDWJ-VKF,1,3,0,5,2,2,0,4,3,1,0,2,0,0,0,1,0,4
5654-CEAWAX-1ZC,1,1,0,4,1,1,0,3,4,0,0,0,1,0,0,1,0,4
0031-UJQGML-YHK,1,3,0,5,2,2,0,2,3,0,0,0,0,0,0,0,0,3
0676-GBRQMZ-I1N,1,4,1,5,1,2,0,5,5,0,0,0,1,1,1,1,0,2
5830-HTVGOL-8HE,1,2,1,4,3,4,0,5,4,0,0,0,0,1,1,0,1,3
0921-OOZBRK-Q0M,1,2,1,4,3,1,0,3,5,0,0,0,0,0,1,0,0,5
1939-PPQXAN-A9X,1,2,1,4,2,2,0,2,5,0,0,0,0,0,0,0,0,4
7150-QPLWBN-PAR,1,2,0,5,2,2,1,4,3,0,0,0,1,0,1,1,0,3
1755-QGDBEN-2OX,1,3,1,6,1,3,0,5,5,0,0,0,1,1,0,0,0,3
0632-IFQCSU-JPR,1,2,1,5,2,2,0,2,3,0,1,1,1,1,1,1,0,4
1559-EGEHZG-18M,1,3,1,3,2,3,0,2,3,0,0,0,0,0,0,0,0,1
2008-JHNFFV-L7M,1,4,1,2,2,2,0,1,2,0,0,0,1,1,1,1,0,3
3131-SIHGNI-5OP,1,1,0,4,2,4,0,5,4,0,0,0,1,1,1,1,0,1
5571-TPATNX-85Y,1,1,1,5,1,2,0,4,4,0,1,0,1,1,1,1,0,1
7582-NPCYVL-L6S,1,4,0,2,3,6,1,1,2,1,1,0,1,1,1,1,1,2
4589-QHHYDN-78R,1,4,0,4,1,4,0,5,5,0,0,0,0,0,0,0,0,2
0721-WHVOVO-1NM,1,4,1,4,3,6,0,4,5,0,0,0,0,0,0,0,0,2
9895-DHNPRQ-EBG,1,1,1,4,4,1,0,3,4,0,0,4,1,1,0,1,1,1
3732-AEBOGE-D5R,1,3,0,5,2,2,1,2,2,0,0,0,1,1,1,1,0,2
3011-EPQMRZ-VPT,1,5,0,2,2,3,0,1,2,1,1,4,1,1,1,0,1,4
6466-KBIQXI-MFL,1,4,0,4,5,2,0,2,4,0,0,3,0,0,0,0,1,4
1924-YQGOHN-Y5U,1,4,1,4,3,6,0,3,3,0,0,1,1,1,1,1,0,4
3528-OLYCGU-FFP,1,3,0,6,2,2,0,3,5,0,0,0,1,1,1,0,0,5
9385-RDQDUL-MJE,1,4,1,6,1,4,0,5,5,0,0,0,1,1,1,1,0,3
5656-JXTEOC-M22,1,3,1,2,2,2,0,1,2,1,1,3,1,1,1,0,1,1
7369-VRGOME-7Q0,1,5,1,5,3,1,0,3,3,0,0,0,1,1,1,1,0,4
5427-GTPZNA-5IC,1,1,0,5,1,1,0,5,5,0,0,0,1,1,1,1,0,3
1402-OOREED-37L,1,4,1,3,1,5,0,3,3,0,0,0,0,0,0,1,0,2
3772-GPSMXT-1YH,1,4,0,3,4,2,1,1,3,0,0,0,0,1,0,0,1,3
3553-XGNZFG-OB9,1,5,0,3,3,4,0,2,3,0,0,0,0,1,1,1,0,5
7936-IYDYFQ-G9K,1,2,1,5,2,4,1,5,5,0,0,0,0,1,0,0,0,2
3639-EUAOAH-WNK,1,5,1,5,2,2,0,2,3,0,0,2,1,1,1,1,0,3
6851-QTAWZP-5BD,1,1,1,6,3,2,1,2,3,0,0,0,0,1,1,1,0,1
3930-ZVCNTJ-4AM,1,5,1,5,1,3,0,4,2,0,0,0,0,0,0,0,0,4
3290-MOLWFO-TWR,1,1,1,6,1,2,0,2,3,0,0,0,0,0,1,1,0,4
4499-OUWLNY-MFL,1,4,0,6,2,2,0,2,5,1,0,1,1,1,0,0,1,5
8595-XUTENK-7GV,1,3,0,2,3,2,0,1,2,1,0,4,0,0,0,0,1,4
2586-SHIEMY-36H,1,3,1,2,3,2,0,1,2,1,1,3,1,0,0,1,1,4
7666-WBLMFQ-66B,1,3,0,5,2,3,0,5,5,0,0,1,1,1,1,1,0,2
1648-ZISNUF-S0N,1,5,0,6,1,5,0,5,5,0,0,0,1,0,1,1,0,4
4102-ZNNHOE-CLO,1,1,1,2,2,3,1,1,1,0,0,0,1,1,1,1,0,1
1591-SNQHWX-OVE,1,3,1,6,4,5,0,5,5,0,0,2,0,0,1,1,0,5
6533-EOSNEV-48X,1,3,0,4,4,2,0,2,2,1,0,3,1,0,0,1,1,5
8421-DYVXGZ-ZT3,1,5,0,4,4,2,0,1,4,0,0,0,1,1,1,1,0,4
3802-ZEZAHK-BCU,1,1,1,6,1,2,0,4,2,0,0,0,0,0,0,0,0,1
4275-IOZLLU-SSP,1,3,0,4,4,2,0,2,2,1,0,3,0,0,1,0,1,2
2443-NHYQMG-T65,1,1,0,5,2,6,0,5,5,0,0,3,1,0,1,1,0,1
5188-XLCSHQ-5DG,1,2,0,5,2,3,1,4,5,0,0,0,0,0,0,0,0,2
5948-HWQRTV-36O,1,5,1,5,3,2,0,4,3,0,0,0,0,1,0,1,0,2
1043-IRWLWF-8JY,1,5,1,2,4,1,0,1,1,0,0,0,0,0,1,0,0,5
6321-DYNLMT-HZO,1,2,1,3,2,6,0,2,2,1,1,3,1,1,1,1,1,2
9758-STTNOX-JRP,1,4,1,6,2,6,0,5,5,0,1,0,1,1,1,1,0,2
8752-KNMEWM-MGM,1,1,0,2,1,2,0,1,1,0,0,0,1,1,1,1,0,3
5812-TZBNYC-LJ3,1,5,1,6,4,2,0,2,4,1,0,0,1,0,1,1,0,4
6287-SGPLGC-693,1,4,0,2,4,2,0,1,2,1,0,2,0,0,0,0,1,1
9390-WZYAHB-FPZ,1,3,1,5,1,4,0,5,5,0,0,0,0,0,0,0,0,2
3395-TQKMPM-INY,1,1,0,5,4,1,0,4,5,0,1,1,1,1,1,1,0,1
8244-MIBZXK-K0S,1,4,1,4,2,1,0,2,5,1,1,0,1,1,1,1,1,5
8009-NIZABN-CAI,1,1,1,4,4,6,0,4,4,0,0,0,0,0,0,0,0,2
2013-CGOHYT-GS9,1,1,0,3,4,6,0,2,3,0,0,0,0,0,0,0,0,1
9243-KEGJHL-JTY,1,2,1,3,2,1,0,2,4,0,0,0,1,1,1,0,0,2
6997-HXHTRX-8X2,1,4,1,5,1,2,0,3,4,0,0,0,0,0,0,0,0,1
8056-XUMPFP-8TM,1,3,0,5,4,3,0,5,5,0,1,4,1,0,1,1,1,3
9813-TLUHXQ-RVZ,1,3,0,6,4,6,0,5,5,0,1,0,1,1,1,1,0,4
0703-XBDCJR-LVF,1,4,1,2,1,2,0,1,1,0,0,0,0,0,0,0,0,3
0049-ZDULPT-RP6,1,3,0,3,4,5,1,1,1,1,1,2,1,0,0,1,1,3
6810-LMHVYX-RF0,1,4,1,3,3,2,0,1,3,0,0,0,1,0,0,1,0,1
7442-RTTHFP-HCF,1,2,0,3,5,2,0,1,3,0,0,0,0,0,0,0,0,1
0026-GRFYZR-6M4,1,1,1,5,1,2,0,4,5,0,0,0,1,1,0,0,0,3
6301-JHWLOH-5VB,1,1,1,3,1,1,0,3,3,0,0,0,1,1,1,1,0,4
7346-VFBTML-LRE,1,5,0,4,3,2,1,2,4,1,1,1,1,1,1,1,1,2
2121-UEWVYT-OJT,1,1,1,5,1,5,1,5,5,0,0,0,1,0,0,1,0,2
6826-SSALGJ-04J,1,1,0,2,2,1,0,1,1,0,0,0,0,0,0,0,0,3
4196-VTMLQK-645,1,1,0,6,3,3,0,4,3,0,1,0,1,1,1,1,1,1
2572-TXSMBE-U04,1,1,0,6,1,3,0,5,5,0,0,0,1,1,1,0,0,1
7856-WYNHPK-95W,1,3,1,5,1,1,0,3,3,0,0,0,1,1,1,1,0,4
6805-CDCHTB-H1R,1,2,0,4,2,2,0,2,5,0,0,0,0,1,1,1,0,3
2891-DHXSLS-50D,1,5,1,5,1,1,0,5,5,0,0,0,1,1,1,1,0,4
0899-FYORWV-86N,1,2,0,6,1,6,0,5,5,0,0,0,1,1,1,1,0,3
4877-OZDGZH-D9M,1,2,1,5,2,6,0,5,5,0,0,3,1,1,1,1,0,3
6704-LTYDYF-H8I,1,2,1,6,4,2,0,3,5,0,0,1,0,1,1,1,0,5
3833-RQEFZV-E3U,1,5,1,2,2,2,0,1,3,0,0,0,0,0,0,0,0,4
1865-LDHCGC-3C3,1,3,0,6,3,2,0,2,5,1,1,3,1,1,0,1,0,5
1911-QWFGHD-HTX,1,1,1,4,5,2,0,1,1,0,1,1,1,1,1,1,0,4
3991-CUORUO-49K,1,1,0,5,1,1,0,4,2,0,0,0,0,0,0,0,0,1
7601-FNPEPR-XD7,1,3,1,4,1,2,0,1,4,0,0,1,1,1,1,1,0,5
1248-ATKOWR-PNB,1,5,0,2,1,2,1,2,2,0,0,0,0,1,1,0,0,5
9155-FBCWQW-GZ8,1,3,0,5,2,2,0,2,5,0,0,0,1,0,1,0,0,5
6681-BBHXAH-UTM,1,1,1,5,2,6,0,5,5,0,0,0,0,0,0,0,0,2
3646-KWPMLI-9I2,1,3,1,3,2,2,0,1,3,0,0,0,0,0,0,0,0,5
5901-KJGWAL-MWZ,1,5,0,5,4,6,0,5,5,1,1,3,1,1,1,1,0,1
2551-GFSNZU-HAE,1,2,0,3,4,2,0,1,3,0,0,0,0,0,0,0,0,5
7002-PINHGY-1E8,1,5,0,6,4,1,0,5,4,0,1,4,1,1,1,1,0,5
0014-DOIOFX-LXB,1,2,1,4,2,5,0,3,5,0,0,0,0,0,0,0,1,2
8487-TEPZCO-AVW,1,5,0,4,2,1,0,2,3,0,0,1,0,0,0,0,0,5
5854-VYBQTS-I6R,1,4,0,4,2,2,0,2,1,0,0,0,0,1,1,0,0,5
0907-TDBVNN-ZAT,1,1,0,3,3,6,0,2,3,1,0,4,0,0,0,0,1,5
2868-EXFXBT-1O7,1,1,1,3,4,1,0,2,2,0,0,0,1,1,1,0,0,1
1504-YOFFPM-NA3,1,5,0,5,1,6,0,5,5,0,0,0,1,1,1,1,0,2
4987-QHPGRQ-73G,1,4,1,2,4,1,0,1,3,1,1,1,1,1,1,1,1,1
9557-IITNLK-1NR,1,3,0,2,2,1,0,1,1,1,1,3,0,0,0,1,1,4
9919-ORWGSQ-8Q6,1,2,0,6,3,6,0,5,5,0,0,0,1,1,1,1,0,2
5468-WESAXW-0QR,1,1,1,5,4,2,0,1,2,1,0,1,0,1,0,0,1,2
8330-HXKTOD-G48,1,4,1,6,4,2,1,2,2,0,0,0,1,1,1,1,0,5
2838-ODWGTI-SB5,1,2,1,4,1,5,0,3,2,0,0,0,0,1,0,1,0,2
7607-GRPLIE-C1J,1,1,1,3,2,1,0,2,2,0,0,0,0,1,1,1,0,1
3692-CLHXLX-H7W,1,1,0,6,2,6,1,5,5,0,0,0,0,0,0,0,0,4
1498-AHEYHZ-G4E,1,1,1,5,2,2,0,3,4,0,0,0,1,1,0,1,0,4
0873-MIADPJ-6VP,1,1,1,4,5,1,0,2,5,0,1,3,1,1,1,1,1,5
9518-MWCQQO-Q97,1,3,0,6,3,5,0,5,5,0,0,0,0,0,0,0,0,4
9667-MUTWBN-CTA,1,2,0,2,2,1,0,1,1,0,0,3,0,1,0,0,0,2
1414-AAECEB-G5D,1,2,1,4,3,5,0,4,2,0,0,0,1,1,1,1,0,1
0561-UFDIXT-TF7,1,3,1,5,1,1,0,3,4,0,0,0,1,1,1,1,0,2
4190-QKVGDX-K2U,1,1,0,5,4,2,0,2,4,1,1,3,1,1,1,1,1,3
3504-LEWPCH-MBE,1,2,0,6,1,3,0,5,5,0,0,0,1,1,1,1,0,2
6642-GBKNSR-E5T,1,3,1,6,3,2,1,4,5,0,0,1,0,0,0,0,0,3
3021-VWVAPW-MHM,1,1,1,3,1,2,0,2,3,0,0,0,0,0,1,1,0,4
6079-FVDGCV-EYX,1,3,0,2,2,1,0,2,2,0,0,0,1,1,0,0,1,4
5335-EGCIAU-EGK,1,1,0,5,2,5,1,5,5,0,0,0,0,0,0,0,0,3
6059-AUMTKD-Q9A,1,2,0,6,3,1,0,3,5,1,0,0,0,0,0,0,0,1
6352-DYVEHV-71L,1,2,1,2,2,2,0,1,1,0,0,0,1,1,0,1,0,2
9170-DWFWOA-P5A,1,3,0,2,1,3,0,2,2,0,0,0,0,1,0,0,0,4
3787-PDMPIW-RUL,1,1,0,5,1,6,0,5,5,0,0,0,0,0,0,0,0,2
3363-PGGDEU-K45,1,5,0,6,2,2,0,2,5,1,0,2,0,0,0,0,1,4
4859-BROKIE-LZS,1,1,0,2,2,1,0,1,1,0,0,1,0,0,1,1,0,2
8824-OIWSDO-RNI,1,5,0,4,4,1,0,3,3,1,1,2,1,1,1,1,1,3
5190-YOFIZY-657,1,1,1,2,2,2,1,1,3,0,0,0,1,1,1,1,0,3
8390-RSQBFF-Q3F,1,4,1,3,4,1,0,2,4,1,1,0,1,1,1,1,1,4
6254-RFUQRE-7QK,1,3,0,4,2,3,0,4,4,0,0,0,0,1,1,1,0,1
5485-OAPJJG-DEJ,1,4,1,2,4,2,0,1,2,0,0,1,1,0,1,1,0,3
2067-LYKEFN-EEO,1,4,1,4,4,2,0,2,2,1,1,4,0,0,0,0,1,5
5410-ZTFPDV-1XL,1,2,1,2,3,4,0,1,3,0,0,0,0,1,1,0,0,4
8484-UVTYOP-GV9,1,2,1,2,1,1,0,1,2,0,1,0,1,1,1,1,1,4
9583-QGZJMP-WEL,1,3,0,6,4,6,1,5,5,0,0,0,0,0,1,1,0,1
2038-BKOXRV-YQW,1,1,0,6,3,6,1,4,5,1,0,2,0,0,0,0,1,1
0387-ILUHZR-U94,1,4,1,6,2,2,0,2,5,0,1,0,1,1,1,1,0,3
5256-NMNPYW-3WD,1,1,1,4,2,3,0,4,3,1,1,1,1,1,1,1,1,3
1399-TKHYPQ-CB4,1,1,1,4,3,1,0,2,3,1,1,1,1,1,1,1,1,4
7952-SQHAIJ-J6T,1,1,1,2,2,5,0,1,1,0,0,4,0,0,0,0,0,1
1401-EKFFEL-5SJ,1,3,0,4,2,2,1,3,3,0,1,4,1,1,1,1,0,2
1745-SREKOB-0YG,1,2,0,5,1,3,0,3,5,0,0,0,1,1,1,1,0,2
0543-DOKJRU-CVO,1,4,1,4,2,2,0,3,5,1,1,2,1,1,1,1,0,2
6194-VNSVNZ-AEU,1,2,1,6,1,1,0,5,5,0,0,0,0,1,1,1,0,2
3296-BHBGTB-IGY,1,1,0,5,3,3,0,5,5,1,1,0,1,1,1,1,0,1
1543-YZTNSD-L60,1,1,0,6,1,6,0,5,5,0,0,0,0,0,0,1,0,2
3664-BLRUZH-TSB,1,2,1,2,3,1,0,1,2,1,1,3,1,1,1,1,1,1
0290-YJPOKT-GVX,1,5,1,5,2,2,1,2,3,0,0,0,1,1,1,1,0,5
2056-QRYERZ-MQ5,1,5,0,5,4,1,0,2,4,0,1,0,1,1,1,1,0,2
1500-WZPUFV-C19,1,1,0,4,2,5,0,3,4,0,0,0,1,1,1,1,0,2
6455-AFPJKM-U2Q,1,1,0,5,3,1,0,3,5,1,1,4,1,1,1,1,1,4
2445-UMQEJQ-FSW,1,1,1,6,2,3,0,5,5,0,0,0,1,1,1,1,0,2
2978-DVFGBI-RFJ,1,1,1,4,4,2,0,3,4,1,1,2,1,1,1,1,1,1
7675-HUOAAV-4L0,1,2,1,5,2,1,0,4,5,0,0,0,1,1,1,1,0,3
7495-PRHWVG-ZVM,1,1,1,6,2,3,0,5,5,0,0,0,1,1,1,1,0,2
9509-TWYLDW-KW9,1,2,0,6,1,2,0,3,3,0,0,0,1,1,1,1,0,5
2012-JKFDFH-E4N,1,5,1,5,4,1,0,5,5,0,1,4,1,1,1,1,0,5
1279-NZUIEV-QK5,1,1,0,4,2,1,1,2,2,0,0,0,1,1,1,1,0,3
0490-NIIOCS-NBA,1,2,0,3,4,1,0,2,4,1,1,4,0,0,1,1,1,3
0639-AWCJZD-NVF,1,2,1,6,2,2,0,3,4,0,0,0,1,1,0,1,1,1
6738-QPDWSF-94T,1,2,1,4,4,3,0,3,3,0,1,0,1,1,1,1,1,5
7898-VVDOKL-C9F,1,2,1,4,3,2,0,3,4,0,0,4,1,1,1,1,0,2
9402-KGKHDE-WVK,1,1,1,5,1,5,1,5,5,0,0,0,1,1,1,1,0,3
1252-QTHRSG-RSZ,1,4,0,4,2,2,0,2,2,0,0,0,0,0,0,1,0,4
8530-UFAWAZ-9DK,1,3,1,4,2,3,1,5,5,0,0,1,0,0,0,0,1,5
7852-XHVHXE-S8D,1,2,0,3,2,2,0,2,1,0,0,0,1,1,1,1,0,3
7932-GMZJZV-P12,1,1,1,5,2,6,0,5,3,0,0,0,0,0,1,0,0,1
9800-TSVDJH-FJX,1,1,0,5,5,2,0,3,3,0,1,1,1,1,1,1,0,2
3589-CAYBPB-PS0,1,1,1,5,1,1,0,4,5,0,0,1,0,0,0,0,1,1
1906-NRWEYB-E31,1,4,1,5,1,2,0,2,5,0,0,0,0,0,1,0,0,5
2521-BKEFER-MS1,1,1,0,6,2,6,0,5,5,0,0,0,1,1,1,1,0,3
9955-CVMUZH-O6X,1,1,1,5,2,1,0,5,5,0,1,0,1,1,1,1,0,5
7712-CRYKYM-PWK,1,4,1,6,1,3,0,4,5,0,0,0,1,1,1,1,0,2
7905-XHHBUD-Z8U,1,5,0,3,1,1,0,3,4,0,0,0,0,0,0,0,0,2
2610-YGEKFL-GHX,1,2,1,5,1,1,0,3,5,0,0,0,0,0,0,1,0,3
3925-TLDSPA-F84,1,1,0,6,1,1,0,4,5,0,0,0,1,1,1,1,0,4
0409-MMPGJY-ECA,1,1,1,5,2,5,1,5,4,0,0,0,0,1,1,1,0,1
3041-CFQIHA-0PK,1,5,1,6,1,2,1,3,3,0,0,0,1,1,1,1,0,3
4781-EJROCZ-AWL,1,4,1,5,5,1,0,4,5,1,1,3,1,1,1,1,1,3
9924-PVEYVX-VBS,1,4,1,4,1,4,0,5,5,0,0,0,1,1,1,1,0,5
8685-HTXFEY-GTL,1,1,0,6,1,4,1,5,5,0,0,0,1,1,0,0,0,1
1783-GEOTHA-HSY,1,2,1,3,3,1,1,2,2,1,1,2,1,1,1,1,1,4
7285-CIPXYQ-3C6,1,3,1,2,1,2,0,1,1,0,0,0,1,0,0,0,0,2
2976-TTQMQV-BAM,1,3,1,6,2,5,0,5,2,0,0,0,0,0,0,0,0,4
0658-OLLRSH-UUO,1,2,0,4,3,1,0,3,5,0,1,1,1,1,1,1,0,4
6961-EUBTGU-KQY,1,2,0,4,2,3,1,5,5,0,0,1,1,1,1,1,0,5
9728-PCVERU-QUL,1,4,0,5,4,1,0,4,3,0,1,3,1,1,1,1,1,4
5497-GGHDKQ-WYP,1,3,0,4,4,2,0,3,2,0,1,2,1,1,1,1,0,4
0119-ZUYERZ-58D,1,2,1,6,1,6,0,5,5,0,0,0,1,1,1,1,0,4
8970-FKSRYN-TA5,1,1,0,3,2,2,0,1,3,0,0,0,0,0,1,0,0,2
9553-WKDCMK-2EK,1,3,1,4,1,3,0,4,2,0,1,1,1,1,1,1,0,1
2944-UOGCBI-E3T,1,4,1,2,2,2,0,1,1,0,0,1,0,0,0,0,0,3
3596-FZKZDT-MYI,1,4,0,5,5,6,1,5,3,1,1,0,1,1,1,1,0,5
8678-FRWADD-6I9,1,5,1,3,2,3,0,3,4,0,0,0,1,1,1,1,0,4
4479-YKVLST-PE9,1,5,1,4,3,5,0,4,3,1,0,3,1,1,1,1,0,5
2788-BYDXYB-OI9,1,5,1,5,2,5,1,5,5,0,1,0,1,1,1,1,0,4
0864-OTEHNB-Q8G,1,4,0,2,2,1,0,2,2,0,0,0,0,0,0,0,0,2
6534-ZARVNK-OUP,1,4,1,4,1,6,1,5,5,1,0,0,0,0,0,0,0,5
8687-PKARKB-0I0,1,5,0,5,1,1,0,4,3,0,0,1,0,0,0,0,0,3
7498-EEYJYN-NHZ,1,1,0,4,2,2,0,3,5,1,1,1,1,1,1,1,0,1
1906-FOLHPJ-CZZ,1,1,1,6,2,2,0,3,5,0,0,0,0,0,0,1,0,3
9702-XRANJC-13S,1,1,0,3,2,3,1,2,1,0,0,2,0,0,0,0,0,1
7867-AAQREG-Y59,1,2,1,5,3,1,1,4,4,0,0,0,1,1,1,1,0,2
2610-FLEKEU-W4B,1,3,1,5,2,3,0,4,4,0,0,1,0,0,0,0,0,2
0550-QFCXTL-1UY,1,4,1,5,4,2,0,3,5,0,0,0,0,0,0,0,0,2
5034-BGWIVG-7OV,1,2,0,2,2,1,0,1,1,0,0,0,1,1,1,1,0,3
6887-CUYUZU-X95,1,2,0,4,1,5,0,3,3,0,0,0,0,0,0,0,0,4
5023-JCJQTK-DF3,1,2,0,5,2,2,0,4,5,0,0,0,1,1,1,1,0,3
6543-LLFVMV-WXX,1,1,0,2,1,2,0,1,1,0,0,0,1,1,1,1,0,3
0251-NNYDYD-ZVW,1,2,0,4,3,3,0,2,5,1,0,3,0,0,0,1,1,4
2129-FHCWLZ-ZM5,1,3,1,6,4,1,1,4,5,0,0,0,1,1,1,1,0,3
5128-AHGTLR-ECI,1,1,1,3,3,2,0,1,3,0,0,0,1,1,1,1,0,2
4891-UBNVXR-I1X,1,2,0,4,1,1,0,2,3,0,0,0,1,1,1,1,0,2
3898-XYJZTF-LML,1,1,0,2,3,1,0,1,2,0,0,0,0,0,0,0,0,1
5523-BSOVSA-AOW,1,5,0,2,2,1,1,1,2,0,1,0,1,1,1,1,0,4
5757-QFBWHI-1XM,1,1,1,5,2,1,0,3,4,0,0,0,1,0,1,0,0,2
0946-YVIXMA-X0W,1,1,1,3,1,1,0,2,2,0,0,0,1,1,1,1,0,1
4080-UQGRFL-92T,1,2,0,5,2,3,0,5,5,1,0,0,1,0,0,1,0,1
1478-EHVOGF-I3J,1,1,0,6,2,2,0,2,2,0,0,1,1,1,1,1,0,1
7406-EQOEFH-RKP,1,4,0,4,2,6,0,3,2,0,0,3,0,0,0,1,0,4
4536-GMAOFO-C7G,1,1,1,3,1,1,0,2,2,0,0,0,0,0,0,0,1,2
8344-YNPUTQ-BS9,1,1,1,5,2,3,0,4,5,1,1,1,1,1,1,1,1,5
6252-CJKGDC-H6U,1,1,0,3,2,1,0,2,3,1,0,1,1,0,0,0,1,2
8163-YIYWHC-E4Q,1,2,1,3,5,2,0,1,2,1,1,3,1,1,1,1,0,1
4166-MFJSXA-T7W,1,2,1,5,5,5,0,5,4,0,0,3,1,0,0,0,0,3
7820-OFHGFW-M5X,1,3,0,5,1,1,0,4,5,0,0,0,1,0,1,1,0,3
9751-KKBDPN-CJG,1,2,1,2,2,3,0,1,2,0,1,1,1,1,1,1,1,2
1872-NNWTDW-A7N,1,5,0,5,1,3,1,5,5,0,0,0,0,0,0,0,0,4
1831-IHOELQ-KXI,1,1,1,4,1,1,0,4,3,0,1,0,1,1,1,1,0,1
7486-NNVANT-C8P,1,1,0,5,1,1,0,5,5,0,0,0,1,1,1,0,0,3
9462-EXPIMT-IQ2,1,5,0,5,2,1,0,2,5,0,0,0,1,1,0,1,0,4
6505-GAEHYO-NRP,1,3,0,6,2,3,0,5,5,0,0,0,1,1,1,1,0,4
4365-SGXXAO-7WU,1,2,1,3,2,4,0,2,1,0,0,2,0,0,0,0,0,1
4239-LWZCTF-4C2,1,3,1,5,1,6,1,5,5,0,0,0,0,0,0,0,1,3
7930-RHVBUB-KIL,1,1,0,3,1,1,0,3,4,0,1,0,1,1,1,1,0,2
0943-QMXLGU-4QA,1,3,1,5,2,3,0,5,4,0,1,0,1,1,1,1,0,3
0676-QZBXPH-T87,1,3,1,6,1,6,0,5,5,0,0,0,1,1,1,1,0,3
8026-CYWMJI-1O2,1,2,1,6,3,2,0,2,5,0,0,0,1,1,1,1,0,5
6372-AYKPRL-Q4B,1,2,0,4,3,2,0,1,1,0,1,3,1,1,1,1,1,4
1142-NJMGGT-FIA,1,3,0,6,1,2,0,4,5,0,0,0,0,0,0,1,0,5
6266-RPFUST-N4B,1,5,1,5,4,2,0,3,4,1,1,1,0,0,0,0,1,3
3012-WLEFBR-R17,1,2,0,5,1,5,0,5,5,0,0,0,0,0,0,0,0,2
2678-CLOHMI-U3G,1,1,0,5,2,3,0,5,3,0,1,0,1,1,1,1,1,3
2649-LMSFFN-EVH,1,2,0,5,3,2,1,3,2,1,0,1,0,0,1,0,0,5
7139-ECRLZI-XGU,1,4,1,3,4,3,0,3,4,1,0,0,0,0,1,0,1,3
5656-ZNMXTE-KZR,1,2,0,3,3,5,0,3,2,0,0,0,1,1,1,1,0,3
9643-NDPSTS-VDD,1,4,0,6,1,1,0,4,5,0,0,0,0,0,0,0,0,5
2280-MACNBB-DNN,1,2,0,3,3,6,0,2,3,0,0,0,0,1,0,0,0,1
8864-QJEYKC-HRG,1,2,1,4,1,3,0,3,4,0,0,0,0,0,0,0,0,2
0124-VNHDHV-64B,1,2,0,5,2,2,0,3,5,0,1,0,1,1,1,1,0,1
8181-CJGFTK-WMQ,1,3,0,2,2,2,0,1,2,0,0,0,0,0,0,0,0,3
4488-KQTZED-Q06,1,2,1,3,2,2,0,1,3,0,1,0,0,1,1,0,0,1
8836-WJSYDN-S8B,1,3,1,5,2,1,0,5,5,0,0,0,1,0,0,1,0,5
1686-PTRDXW-RWB,1,1,1,4,2,6,1,4,3,0,0,0,1,1,1,0,0,5
6513-MAGRLJ-DEW,1,3,1,4,3,2,0,1,1,0,0,0,0,0,0,0,1,3
0648-RNQRPF-KF0,1,2,1,6,1,6,0,5,5,1,0,4,0,0,0,1,1,1
2516-FHCEGP-5US,1,5,1,5,1,2,0,2,2,0,0,0,1,1,1,0,0,4
1096-OSGWYY-4Y7,1,4,1,3,2,2,0,2,4,1,1,4,1,1,1,1,0,5
7758-VYSIUX-GBM,1,1,1,5,2,2,1,3,3,1,0,0,0,1,1,1,0,2
7151-RSJDRN-G6T,1,4,0,5,1,1,0,4,5,0,0,0,0,0,0,0,0,1
0974-MOYXTI-LAB,1,1,1,4,2,5,0,4,3,0,0,0,1,1,1,1,0,1
8061-OGRMYK-KZ8,1,5,0,5,2,1,0,5,4,0,0,0,1,1,1,1,0,3
5310-JKBHBW-KT9,1,2,1,6,3,3,0,5,5,0,0,0,1,1,1,1,0,2
3100-PRHVDU-8EW,1,5,1,2,3,2,0,1,2,1,0,4,0,0,0,0,1,5
0388-KHMXUA-ZCP,1,1,0,5,1,1,0,4,5,0,0,0,1,1,1,1,0,1
3964-QJWTRG-NPN,0,2,1,2,3,1,1,1,2,1,0,0,0,1,1,1,0,1
0648-AIPJSP-UVM,0,5,0,2,4,2,0,1,2,1,1,4,1,0,1,0,1,5
5195-TLUDJE-HVO,0,4,1,6,2,2,0,5,5,0,0,0,0,0,0,0,0,3
8158-SMTQFB-CNO,0,2,0,3,3,2,0,1,3,0,1,3,1,1,1,1,0,2
9662-FUSYIM-1IV,0,4,0,5,4,3,0,5,3,1,0,0,1,1,1,1,0,4
7432-QKQFJJ-K72,0,5,1,5,2,1,0,3,2,0,0,1,0,0,1,0,0,2
8959-RZWRHU-ST8,0,4,1,4,3,1,0,4,5,0,0,0,1,1,1,1,0,3
3512-MUWBGY-52X,0,2,0,4,1,6,0,5,2,0,0,0,0,0,0,0,0,2
5621-QSZPSF-NF2,0,1,1,5,4,1,0,3,5,1,0,3,0,1,0,0,1,4
8241-PWPONH-62O,0,4,1,3,1,2,0,2,2,0,0,0,0,0,0,0,0,2
8795-FYOXCT-P09,0,2,0,4,1,1,0,4,1,0,0,1,1,1,1,1,0,5
1705-NMIQNO-IC4,0,2,0,5,4,1,0,2,5,0,0,0,1,0,1,1,0,3
9205-PAZEXY-90Q,0,1,1,6,5,4,1,5,5,1,0,0,0,0,1,0,1,2
4225-PZZDIY-IBH,0,1,1,6,2,6,1,5,5,0,1,1,1,1,1,1,0,3
0758-EQEGIQ-3OF,0,1,1,5,4,4,0,5,4,1,1,3,1,1,0,1,1,1
0649-TBFJFL-QU4,0,2,0,5,2,6,1,5,5,0,0,0,1,0,1,1,1,5
3853-NVDCOJ-TIN,0,1,1,6,3,1,0,3,3,1,0,1,0,0,0,0,1,1
0765-UXAFYM-PDR,0,3,0,5,3,1,0,2,4,0,0,1,1,1,1,1,0,3
9937-SFPLRK-H9Y,0,4,0,6,4,2,1,2,5,0,0,3,0,1,0,1,0,2
0712-WQXYVV-HUP,0,1,0,5,2,6,0,5,5,1,0,3,0,1,0,0,0,4
6441-FJUWZQ-7G8,0,4,0,4,1,1,1,2,4,1,1,4,1,1,1,1,1,3
7634-AVNEXZ-7AG,0,3,0,4,2,1,0,2,1,0,0,1,1,0,1,1,0,1
2041-PNMGHX-TXJ,0,3,1,6,2,3,0,5,5,1,1,2,1,1,1,1,1,4
4626-BQZAUJ-V9K,0,4,1,3,3,2,0,1,2,1,0,4,0,0,0,0,1,5
2969-ODPCDX-5DC,0,1,1,2,4,6,0,1,2,1,0,0,0,0,0,0,0,2
4974-FUBHDF-Z7L,0,1,1,6,3,1,0,5,5,0,0,0,1,1,0,0,0,3
2525-OSULNV-0KS,0,3,0,4,4,1,1,2,4,0,0,2,0,0,0,0,0,5
4973-FHPBZQ-AAA,0,5,0,5,2,3,0,5,5,0,0,0,0,0,1,1,0,3
4726-RQKGNB-WAK,0,2,1,5,4,1,0,4,5,1,1,4,0,0,1,0,1,2
6592-QBSENI-6Y4,0,1,1,5,1,2,1,2,1,0,0,0,1,1,1,1,0,1
5538-DRGHIE-PF0,0,1,0,3,1,2,1,1,3,0,0,0,0,0,1,0,0,1
3550-PQUPPM-42T,0,3,0,5,5,2,0,4,3,1,1,3,1,1,1,1,1,3
9809-NBCXAS-1RB,0,5,0,4,2,2,0,2,4,1,0,3,0,0,0,0,1,4
8733-EDAXNE-8DV,0,1,0,4,5,5,0,5,5,1,1,3,0,1,0,0,1,3
8170-YHWTSQ-825,0,2,0,6,1,2,0,2,4,0,0,0,1,1,1,1,0,5
1144-GVCZDP-8DV,0,3,1,4,5,1,1,2,4,1,1,4,0,0,0,0,1,2
8846-JJEGFU-I69,0,1,1,5,2,1,0,4,4,0,1,2,1,1,1,1,0,1
4226-TEHKPJ-GKG,0,2,1,5,2,3,0,3,4,0,0,0,1,1,1,1,0,1
9714-LCYJJB-SCS,0,2,0,3,2,1,0,1,3,1,0,2,0,0,0,0,0,5
0197-AMEAYR-851,0,1,0,4,4,2,0,1,4,1,0,0,0,0,0,0,1,5
1743-WAHPKT-DNW,0,1,0,6,1,2,0,4,3,0,0,0,0,1,0,0,0,5
9840-VEWFQZ-W5V,0,1,1,4,4,2,0,2,2,0,0,0,0,0,0,0,0,3
6203-JLXPIJ-YQZ,0,5,0,4,1,6,0,4,5,0,0,0,0,0,0,0,0,5
4643-WSLHBV-DM5,0,1,0,5,5,3,0,5,5,0,1,3,1,1,1,1,1,2
1441-JNZRPW-8KQ,0,3,1,3,2,6,0,3,2,0,0,0,0,0,0,0,1,3
5811-BKUTYY-F7I,0,1,1,5,4,6,0,5,3,0,0,2,0,1,0,1,0,2
0926-OZQUQX-GXA,0,2,0,4,1,1,1,2,5,0,0,0,0,0,1,0,0,2
5007-HXEVVL-NW5,0,2,1,4,2,1,0,4,3,1,1,4,1,1,1,1,1,3
8101-YOBRYX-REF,0,3,1,5,3,1,0,3,2,0,1,2,1,0,0,1,0,3
8267-UTARFV-TZK,0,1,1,5,5,3,0,4,3,0,0,0,0,1,1,1,1,4
4432-KMTQXO-788,0,4,1,5,4,1,0,3,5,1,1,2,1,1,1,1,1,5
9172-WITHKP-BXZ,0,1,1,3,4,2,0,1,4,0,1,1,1,1,1,1,1,2
0992-DNDKIT-CUP,0,3,0,2,3,6,0,1,2,1,0,4,0,0,0,0,1,5
2654-JRLXAI-HC7,0,1,1,4,1,1,0,2,3,0,0,0,1,0,1,0,0,2
0405-BACHZT-AYK,0,1,0,2,4,1,0,1,2,1,1,4,0,0,0,0,1,4
4939-KCMADL-HLM,0,2,1,6,3,2,0,5,4,0,1,0,1,1,1,1,0,3
4724-UVMKNV-Z1I,0,2,0,6,1,1,0,5,5,0,0,0,0,0,0,0,0,2
4231-HZEXGK-HRI,0,3,1,3,5,1,0,1,2,0,0,1,0,0,0,0,0,4
4979-WSWKYV-BSV,0,1,1,4,3,3,0,3,4,0,0,0,0,0,0,1,0,2
7245-IUATZR-VLV,0,1,0,3,2,2,0,1,3,0,0,0,0,0,0,0,0,5
2041-WAUPOH-84L,0,4,0,4,1,2,0,3,3,0,0,0,0,0,0,0,0,1
5472-GUGMBS-ZVK,0,2,1,2,2,3,1,1,2,0,0,0,0,0,0,1,0,3
1811-FUILIP-L3S,0,1,1,5,1,5,1,5,5,0,0,0,1,0,1,1,0,3
9184-ABVZGX-Z4V,0,1,0,6,4,2,1,3,5,1,1,4,1,0,0,0,1,2
9891-ZXATIA-55Z,0,2,0,4,3,6,0,3,3,0,0,0,1,0,0,0,0,3
6246-WBWHHS-GFB,0,3,1,3,3,2,0,2,3,0,0,1,1,1,1,1,0,4
2212-AOYDMW-0ZV,0,2,0,6,5,1,1,4,5,0,0,1,1,0,0,1,0,2
8268-VLELYK-IJK,0,3,1,4,1,3,0,5,3,0,0,0,0,0,0,0,0,5
6023-TINSQC-7T4,0,3,1,5,4,6,0,5,3,1,1,4,0,1,1,1,1,3
2332-AAKERL-PNS,0,4,1,5,4,1,0,3,5,0,0,0,1,1,0,1,0,3
8888-ERPHEF-H3V,0,5,1,6,1,3,0,5,3,0,0,0,0,0,0,0,0,4
0213-HSPXOI-LYR,0,5,1,2,3,5,0,1,2,1,0,2,0,0,0,0,1,5
9095-NXHCNI-HXG,0,3,1,3,4,1,0,1,1,1,1,2,1,1,1,1,1,3
4730-MCQYEE-7XQ,0,2,1,3,5,2,0,1,3,1,1,4,1,1,0,1,1,4
4048-TDAQGT-9Y6,0,2,0,5,1,6,0,5,5,0,0,1,1,1,1,1,0,1
4336-AZJUON-KO0,0,4,0,6,4,1,0,3,4,0,0,2,1,0,1,1,0,5
5495-XNMJLP-GBP,0,4,0,6,3,1,0,5,5,0,0,1,1,1,1,1,0,4
9844-JTMVSQ-J5G,0,2,0,5,3,5,0,5,5,1,0,1,1,1,1,1,1,3
6960-IEHYJM-SCB,0,1,1,2,3,2,0,1,2,1,1,2,0,1,1,1,1,5
2566-HGSGRK-ROU,0,1,0,5,4,2,0,3,5,1,1,3,1,1,1,1,1,3
7164-HJCLUK-29N,0,2,1,6,1,1,1,5,5,0,0,0,1,1,1,1,0,3
8802-ZPAEGX-52Q,0,1,0,5,3,2,0,3,5,0,0,0,0,0,0,0,0,3
0309-KOSUPM-CSV,0,2,0,3,2,1,0,2,2,1,0,3,0,0,1,0,1,5
8514-TCRHWV-DPM,0,1,0,6,1,5,0,5,3,0,0,0,0,0,0,0,0,3
7441-RFDNVF-7SP,0,3,0,5,3,1,0,4,5,1,0,0,0,0,0,0,0,3
1150-ESKSKG-FRM,0,1,0,6,1,2,0,4,4,0,0,0,0,0,0,0,0,1
7196-SOFWOP-3K6,0,1,0,6,4,1,1,5,5,0,0,2,1,0,0,1,1,1
9083-WGKZAH-8XR,0,2,1,2,3,2,0,1,1,1,0,3,0,0,0,0,1,2
8552-ZQJYEJ-BW1,0,4,0,6,3,2,0,3,5,1,0,1,0,0,0,0,0,3
3686-HKVHPL-GU6,0,5,1,6,3,2,0,2,5,0,0,0,1,1,0,0,0,1
4923-DBKSJV-D3H,0,2,1,4,4,3,0,3,3,1,0,4,0,0,0,1,0,4
4588-ODXEGS-UGY,0,1,1,4,2,5,1,4,5,0,0,0,0,1,1,0,0,2
2689-VYLAYC-OSJ,0,3,1,5,1,6,1,5,5,0,0,0,0,0,0,0,0,5
1086-IKBULJ-52W,0,3,1,4,3,1,0,3,1,0,0,0,0,0,0,0,0,1
3149-SOXJIB-AZ6,0,3,0,6,2,3,1,3,4,0,0,2,1,0,1,1,0,2
4487-UIOHOC-Y6X,0,3,0,6,3,1,0,4,5,0,0,1,1,1,1,1,0,1
3319-BOOXCD-PSQ,0,5,1,6,4,1,0,5,5,0,0,2,0,1,0,0,0,5
3630-CTGBIF-YIX,0,5,1,5,1,1,1,5,5,0,0,0,0,1,1,1,0,5
2594-FSOPWS-H02,0,4,0,5,2,2,0,2,5,1,0,3,0,0,0,0,0,3
3335-MFSNGA-J31,0,4,1,6,1,3,0,5,5,0,0,0,1,1,1,1,0,1
3239-YTOCDY-213,0,4,0,5,5,6,0,5,5,1,0,4,0,1,1,0,1,4
1226-OKZENG-YMZ,0,5,1,5,2,2,0,2,3,1,0,0,1,1,1,1,0,5
1946-CHZAKX-7PK,0,2,0,4,2,2,1,1,4,0,0,0,0,0,0,0,0,2
1587-LHMXIB-2NP,0,1,0,5,1,4,0,5,5,0,0,0,0,1,1,0,0,1
8916-LWSVNK-W0Q,0,2,1,4,2,5,0,3,2,0,0,0,1,1,1,1,0,4
3755-JZHSNC-YVQ,0,5,1,5,1,5,0,5,5,0,0,0,1,1,0,0,0,1
6055-WFKEYT-97B,0,5,0,4,4,6,0,4,3,1,0,2,0,0,0,0,0,4
4898-VWAWIL-UWT,0,1,1,4,2,1,0,2,5,0,1,4,0,1,1,1,0,1
0161-ZGCKJD-1M2,0,3,0,5,4,1,0,3,2,1,0,4,0,0,0,0,1,4
0481-RFVYIH-H7J,0,3,0,6,3,4,0,5,5,0,0,0,1,1,1,1,0,4
9830-UFEBRB-WOE,0,3,0,6,1,4,0,5,4,0,0,0,0,0,0,0,0,4
3912-EDPWEY-1ZP,0,3,1,4,4,2,0,1,4,0,0,1,0,0,0,0,0,3
9024-QQZDBM-RN4,0,4,0,6,2,1,0,5,5,0,0,1,1,1,0,0,0,5
1608-DQBMUD-AB8,0,2,0,5,5,1,0,4,5,1,1,2,1,1,1,1,1,3
4284-HHTPTO-Q5J,0,1,0,3,3,3,0,2,2,1,1,3,0,0,0,0,1,2
6828-JEJYIH-3EI,0,2,1,4,1,1,1,3,3,0,0,0,1,1,1,0,0,2
9723-VUGZBJ-ZQA,0,3,0,2,2,3,0,1,1,0,0,0,0,0,0,0,0,3
8520-MLQCDY-K1Y,0,2,0,3,3,1,0,1,3,0,0,0,1,0,1,0,0,2
6088-TDDVGT-XO0,0,1,0,6,3,5,0,5,5,0,0,2,1,1,1,1,0,4
8775-VURAWW-OS0,0,2,0,4,2,3,0,3,3,1,0,0,0,1,1,1,1,4
9852-FJWQJI-KV7,0,3,0,5,2,2,1,2,2,0,0,0,0,1,1,0,0,4
5645-BCARMI-G7Z,0,4,0,6,3,6,1,5,4,0,0,0,1,1,1,1,0,3
7414-PZJWWB-D1D,0,1,0,6,4,5,0,5,5,1,0,3,0,0,0,0,1,2
9334-IUMUSE-FAI,0,2,0,5,1,2,0,2,2,0,0,0,0,0,0,0,1,1
1866-UGNVHM-6F1,0,1,1,4,2,6,0,4,5,0,0,0,0,1,1,1,0,4
6170-RWXBEX-2CR,0,3,0,2,4,2,0,1,2,0,0,0,0,0,0,0,0,3
2447-WXAAQB-6K7,0,3,1,3,4,2,0,1,3,0,0,0,0,0,0,0,0,4
2583-FMHHBW-E5N,0,1,1,2,2,6,0,1,1,0,0,0,1,1,1,1,0,2
5097-JIRHCW-CFG,0,1,0,5,2,3,0,5,5,0,0,0,1,1,0,1,0,3
2979-LZXION-EKF,0,1,0,2,3,2,0,1,2,0,0,3,0,0,0,0,0,3
5802-HZRLCD-BHF,0,3,1,3,1,4,0,3,4,0,0,0,1,1,0,1,0,3
7444-WJWKGZ-67A,0,1,1,5,2,3,0,4,3,1,0,4,0,0,0,0,1,1
2688-GYVWQM-JSK,0,2,0,2,4,5,0,1,3,1,1,2,1,1,1,1,1,4
4435-FBUZVB-AES,0,1,1,6,4,1,0,4,4,0,0,0,1,0,0,0,0,3
9819-KBLSEK-N7M,0,3,0,5,2,3,0,4,4,0,0,0,0,0,0,0,0,3
7451-DHDPCJ-ZXU,0,4,1,5,3,4,0,5,5,1,0,1,1,1,0,0,1,2
6973-VFXJPS-W71,0,5,1,4,4,2,0,2,5,1,1,4,0,0,1,1,1,3
0286-ZUKLWW-UD1,0,5,1,3,4,1,0,1,3,0,0,1,1,1,1,0,1,2
9082-FIBGZG-W7E,0,2,0,6,1,1,1,5,5,0,0,0,1,1,1,1,0,4
2007-BEDDYV-62E,0,2,1,5,1,1,0,5,5,0,0,0,0,0,0,1,0,4
2076-HXNRRT-59Y,0,2,0,5,5,2,0,2,2,0,0,1,1,0,1,0,0,5
4238-LORPCR-80R,0,2,0,6,2,5,0,5,5,0,0,0,0,1,1,0,0,4
8724-ZFSGUO-JYL,0,1,0,6,2,2,0,3,4,1,0,4,0,0,0,0,1,3
2581-PFMMKD-4C6,0,3,0,5,4,1,0,3,5,0,0,3,0,0,0,0,0,3
6877-RTHCJH-M7A,0,5,0,3,4,1,0,1,3,1,1,4,0,0,0,0,1,2
1191-EGQJHO-ZJQ,0,1,1,5,3,2,0,3,4,0,0,3,0,0,0,0,0,5
6237-IDDHKI-H17,0,2,0,4,4,2,0,2,4,0,0,0,1,0,0,0,0,4
5085-RQHHUP-L2U,0,5,1,5,2,1,0,3,4,0,0,0,1,1,1,1,0,2
2981-FYZXBF-DM9,0,5,0,2,4,1,0,1,2,1,1,4,1,1,1,1,0,5
8446-TMJWQX-AK5,0,2,0,5,2,1,0,3,5,0,0,0,1,1,1,1,0,2
1476-ZJSUZO-GSO,0,4,1,5,3,3,0,4,4,1,1,1,1,1,1,1,0,4
9469-FWPWKV-HJY,0,5,0,6,3,5,0,5,5,1,0,2,0,0,0,0,1,5
8791-ICWRCS-WUD,0,3,1,3,1,5,0,3,3,0,0,0,0,0,0,0,0,1
2441-WRRBMV-9VV,0,3,1,6,1,6,0,5,2,0,0,0,0,0,0,0,0,3
0815-FGMWDH-Y8D,0,5,1,4,4,2,0,2,3,1,0,3,0,0,0,0,0,1
6991-FJSWKW-ADG,0,5,1,5,2,2,0,3,5,0,0,0,0,0,0,0,0,2
0142-QMGDVL-8WD,0,2,0,3,3,5,0,2,4,0,0,1,1,1,1,1,1,5
8214-NVCQAC-3HH,0,2,0,6,2,5,0,5,5,0,1,0,1,1,1,1,0,2
1884-TYBPZG-HGL,0,1,0,5,3,2,1,3,5,1,0,1,0,0,0,0,0,1
0072-MQVNDV-4KO,0,2,0,3,3,2,0,1,3,1,0,3,0,0,0,0,0,5
5788-QLVXSO-HER,0,1,0,3,4,1,0,2,5,1,1,0,1,1,1,1,0,3
3682-HHDSLK-HXO,0,5,1,6,2,1,0,5,5,0,0,0,0,1,1,1,0,2
1516-CYANIZ-RY8,0,2,0,4,4,6,0,3,4,1,1,4,1,1,1,1,1,4
7515-AFJDMR-B0B,0,3,1,2,1,6,0,3,2,0,0,0,1,0,0,0,0,1
1684-SWFFWY-K3C,0,1,0,5,3,1,0,3,5,0,0,0,0,1,0,0,0,4
2049-KTNHMV-YMX,0,5,1,4,2,3,0,3,4,0,0,0,1,1,1,1,0,4
1085-WJCGKC-MRO,0,1,1,6,2,1,0,5,5,0,0,1,0,0,0,0,0,2
1734-EAYBEZ-PZ0,0,1,0,6,3,1,0,4,5,0,0,0,0,0,0,0,0,2
3385-UPMYTY-3KI,0,4,1,6,1,2,0,3,4,0,0,0,0,0,0,0,0,3
2931-WBFVCF-CNX,0,5,0,4,5,5,1,3,3,0,0,1,0,0,1,0,1,4
9639-WDHBCL-5A8,0,5,0,2,3,2,0,1,1,0,0,0,1,1,1,1,1,3
9081-UBQDSR-6IK,0,5,0,6,2,5,0,5,5,0,0,0,1,1,1,1,0,4
8639-AUPQYM-25S,0,3,0,2,2,1,1,1,2,1,0,1,0,0,0,0,0,2
8745-DMQULS-JO0,0,4,0,2,2,2,0,1,1,0,0,0,1,1,1,1,0,2
6163-GILGEU-DY5,0,5,0,6,3,6,1,5,5,0,0,2,0,0,0,0,0,3
7939-ERYSUF-ZB5,0,3,1,5,2,6,0,5,4,0,0,0,0,0,0,0,0,5
0077-YFKJAV-D91,0,1,1,5,4,1,0,2,4,1,0,2,0,0,0,0,1,2
6322-BPCXEI-Q4D,0,4,1,4,3,2,1,2,3,0,0,0,0,0,0,0,0,1
1712-VZCJTW-W1K,0,1,1,4,3,5,0,3,3,0,0,0,0,0,0,0,0,4
3736-LXGHWH-QT3,0,5,1,5,4,1,1,2,4,1,1,2,1,1,1,1,0,4
8405-GXTJBV-W7N,0,1,1,6,1,3,0,5,5,0,1,0,1,1,1,1,0,4
5214-MDMLPQ-1MT,0,3,0,3,3,2,0,1,3,1,1,1,1,0,0,0,1,3
6762-UARYPL-51S,0,5,1,4,4,2,0,2,2,1,1,4,1,0,1,1,1,2
0046-IBWRNV-OP7,0,4,0,4,3,2,1,2,4,0,0,0,0,1,0,1,0,4
2834-OGEVTU-9O7,0,1,1,5,2,2,0,2,5,0,0,0,1,1,1,1,0,2
8157-GPGMVO-VJW,0,3,0,6,2,1,1,4,5,0,0,0,1,1,1,1,1,3
0037-VHZRCO-JXT,0,4,1,6,1,2,0,3,5,0,0,0,0,0,0,0,0,5
2802-MDQRFW-U5L,0,4,0,3,3,5,0,3,5,0,0,0,0,0,0,0,0,3
9108-FHQQBK-LAH,0,1,1,6,4,2,0,3,4,1,0,3,0,0,0,0,1,1
1321-FAHMBA-8RX,0,3,0,3,3,2,0,1,4,1,1,4,0,1,0,1,1,3
8828-EKUUDS-Z2E,0,2,1,6,5,2,0,2,3,1,0,4,0,0,0,0,1,2
8765-JDCAXZ-S3V,0,3,0,5,4,4,0,5,5,1,1,4,0,0,1,0,1,5
8723-NTRQSS-JQZ,0,1,0,4,4,2,0,2,2,1,1,0,1,0,0,1,0,4
6844-VETJBH-XEI,0,3,1,4,3,3,0,2,5,1,1,2,1,0,1,1,1,4
0803-ZSJGGL-OSE,0,3,1,2,4,2,0,1,2,0,0,1,0,1,1,0,0,5
5219-ZVCGZQ-LCE,0,4,1,3,4,5,1,2,5,0,1,3,1,1,1,1,1,5
0290-RPEAHR-8B2,0,2,0,6,1,3,0,5,5,0,0,0,1,1,1,1,0,1
9783-VWYGCO-70P,0,1,0,6,2,2,0,3,5,0,0,0,0,0,0,0,0,1
8477-FURXBL-V98,0,1,0,4,3,3,1,3,3,0,0,2,0,0,0,0,0,1
3631-ONIBHG-JMI,0,2,0,3,3,5,1,3,4,0,0,0,1,1,1,0,0,5
9827-QPOKBY-LKO,0,2,0,3,3,3,0,2,4,0,0,0,1,0,1,1,0,5
3145-VNGWUY-ZQS,0,1,0,5,3,2,0,3,5,0,0,2,0,0,0,0,1,2
4025-RCPSYI-803,0,1,0,5,3,1,0,2,3,0,0,1,1,0,1,0,0,1
6442-NNEOBK-8M9,0,1,1,5,4,2,0,2,3,0,1,3,0,1,1,1,1,1
3754-JJTSIX-HW4,0,5,1,2,2,1,0,1,1,0,0,0,0,0,0,0,1,5
4092-XAPMSL-F1S,0,1,1,6,2,1,0,4,4,0,0,0,0,0,0,0,0,1
5140-JORCZS-SWG,0,3,0,6,2,3,0,5,5,0,0,3,0,0,0,0,1,2
9751-UJKWLO-R2B,0,1,0,4,4,3,0,4,5,1,0,0,0,0,0,0,0,1
8036-YWCZIP-OOA,0,2,1,2,4,3,0,1,2,1,0,2,0,0,0,0,1,2
1729-LDUPIQ-AKS,0,4,0,3,3,1,0,1,2,0,1,4,1,0,1,1,1,3
9523-PJUBAK-KSC,0,1,1,5,2,6,0,5,5,0,1,1,1,1,1,1,0,1
1512-XVXHMT-7YJ,0,2,1,4,4,1,0,2,2,1,0,1,0,0,0,0,1,2
0076-YGZXNR-QMC,0,4,0,4,2,1,0,2,2,1,1,0,1,1,1,1,0,5
7689-PZGVSS-C8Q,0,4,1,4,2,2,0,3,5,0,0,3,0,0,0,0,1,5
3288-JVGWKD-YGB,0,2,0,2,1,1,0,1,2,1,0,1,0,0,1,1,0,5
1273-MSAUOB-2O9,0,5,0,3,4,3,0,1,3,1,0,2,0,1,0,0,1,5
0558-SITMGB-YZ9,0,2,1,4,1,1,1,5,5,1,0,2,1,1,0,1,0,4
4944-ITFWMY-KDC,0,3,0,6,2,6,1,5,5,0,0,0,0,1,1,1,0,4
1103-KTXUJS-ZPH,0,1,1,2,2,3,0,1,1,1,0,3,0,0,0,0,1,3
0570-SPHLVW-B1R,0,2,0,3,1,4,0,3,3,0,0,1,1,1,1,1,0,1
3402-FTLZQI-30T,0,4,1,6,3,6,1,5,3,0,0,0,1,1,1,1,0,2
6702-MJNIGH-KYH,0,4,0,5,4,6,1,5,2,0,1,3,1,1,1,1,0,2
0908-VOARVR-1L4,0,2,0,4,3,3,0,5,5,0,1,4,1,1,1,1,0,1
4459-SHQKCK-YYU,0,4,1,3,4,1,0,1,3,1,1,4,1,0,1,1,1,5
3319-YDSBGY-41V,0,4,1,5,2,3,0,5,5,0,0,0,1,1,1,0,0,2
4308-OSQDNR-9D6,0,5,0,2,3,6,0,1,2,0,0,0,1,1,1,0,0,5
6343-MDDJHT-XZJ,0,2,1,6,1,1,0,5,5,0,0,0,1,0,0,0,0,5
6378-WSYINQ-NNO,0,2,1,3,3,3,0,2,3,0,0,0,0,0,0,0,0,4
7442-JTPBTI-5SZ,0,1,1,5,1,2,0,2,2,0,1,0,1,1,1,1,0,4
3401-LGDNVB-E53,0,1,0,2,3,2,1,1,1,0,0,1,0,0,0,0,0,4
3303-GJYFBQ-K1T,0,3,0,6,1,6,0,5,5,0,0,0,0,1,1,1,0,5
7971-YHMWIH-PAT,0,2,0,4,1,6,0,3,5,1,1,4,1,0,1,1,1,3
4707-LKQWVH-DVB,0,3,1,3,1,6,1,3,3,0,0,0,1,1,1,1,0,3
3743-WMVESG-C4C,0,2,0,4,5,2,0,2,2,1,1,3,1,0,0,0,1,4
6220-DNXMOB-3CJ,0,1,1,6,3,1,0,3,2,1,0,2,0,0,0,0,1,3
7512-DILXWV-6YD,0,4,0,4,4,2,1,2,2,0,1,1,1,1,1,1,0,5
8389-PNASXX-NKE,0,5,1,4,3,2,0,1,4,0,0,0,1,1,0,0,0,5
4924-TJCPTE-P6D,0,3,1,3,2,6,0,3,1,0,0,0,0,1,1,1,0,1
4583-LDDOHQ-VFX,0,4,0,6,4,3,0,5,5,0,0,1,0,0,0,0,1,4
4651-FZBXWY-6F0,0,3,0,2,4,2,0,1,2,1,0,3,0,0,0,0,1,4
4157-SFKIZN-I6C,0,4,0,6,4,1,0,5,5,1,1,3,1,1,1,1,1,5
4000-PKSKNR-T9A,0,5,0,4,4,2,0,1,3,0,0,4,0,0,0,0,1,5
1751-IQPXZD-CZV,0,5,1,5,1,2,0,2,1,0,0,0,0,0,0,0,0,5
3553-EBMWFX-MVS,0,1,0,4,4,2,0,3,4,1,1,1,1,0,1,1,0,3
3000-DWUGGK-EXP,0,2,1,5,2,2,0,3,3,0,0,0,1,1,0,0,0,1
6989-XMMWMU-ORW,0,4,1,6,2,1,0,3,5,0,1,1,1,1,1,1,0,2
1931-NHXKGH-D3R,0,4,1,6,2,5,0,5,5,0,0,0,1,1,1,1,0,5
0778-ADCYKA-7HH,0,4,0,4,2,1,1,3,3,0,0,0,0,0,0,1,0,4
8563-XFYTWE-1CH,0,4,1,6,3,1,0,3,2,0,0,0,1,1,1,1,0,3
6529-QAKUNP-XYF,0,3,1,2,3,1,0,1,3,1,0,1,0,0,0,0,0,1
2413-ECMIEM-PSY,0,2,1,6,2,1,0,3,4,0,0,0,0,0,0,0,0,2
4453-FAJXXO-IUV,0,4,1,2,3,5,0,1,2,1,0,3,1,0,0,0,0,3
2952-JTVKHR-S7F,0,5,1,2,1,1,0,1,2,1,0,1,1,1,1,1,0,5
1051-FVOLSM-6TE,0,3,0,3,2,2,0,2,3,0,0,0,1,1,1,1,0,3
9700-DGCABT-FRY,0,1,1,3,2,2,0,2,3,0,0,0,0,0,0,0,0,2
1092-JSLTHP-BCT,0,4,0,4,3,1,0,3,4,0,1,0,1,1,1,1,0,3
6891-ARDRVC-EWL,0,3,1,6,1,6,0,5,3,0,0,0,0,0,1,0,0,2
0453-LYAETZ-K69,0,1,1,4,4,1,0,3,4,1,0,1,1,1,0,1,0,2
8201-AAESBF-GW3,0,1,1,3,4,2,0,1,2,0,0,0,0,0,0,0,1,1
8574-GUQVLV-C04,0,1,0,2,3,6,0,2,3,0,0,1,0,0,0,1,0,1
2392-WBLNQY-964,0,2,0,3,3,1,0,2,4,1,1,3,0,1,1,1,1,3
0359-DQOMHP-1YU,0,2,1,5,2,3,0,5,4,1,1,4,1,1,1,1,0,4
9176-YPUZOB-0X8,0,3,0,4,2,2,0,2,2,0,0,0,1,1,1,1,0,3
9393-XVJDYP-T0Y,0,2,0,3,1,3,0,3,4,0,0,0,1,1,0,0,0,3
3427-AFVORF-KSQ,0,2,0,4,4,5,0,4,4,1,1,0,0,1,0,1,1,4
3653-NZHSEU-GMC,0,1,1,3,4,2,0,2,5,1,1,0,1,1,1,1,0,1
1804-PVZNPU-R1J,0,5,1,2,2,6,0,1,1,0,0,0,0,0,0,0,0,5
9357-NOWBWV-55T,0,3,1,2,4,6,0,1,2,1,1,2,1,1,1,1,1,4
2613-HPXXOY-32A,0,5,1,3,3,3,0,2,3,1,0,2,0,0,0,0,0,5
9200-GVGEES-KKE,0,1,0,5,4,2,0,1,4,1,0,3,0,0,0,0,1,3
3736-XFNRBQ-RGC,0,2,1,5,3,1,0,3,2,0,0,2,0,0,0,0,0,4
9357-WUXLKE-TTP,0,3,1,3,4,2,1,1,3,1,1,4,1,1,1,1,1,5
2736-QDRAAN-VAI,0,5,1,2,2,2,0,1,1,0,0,0,1,1,1,1,0,5
3216-HYCWBS-R4X,0,4,0,4,2,2,0,2,2,0,1,0,1,1,1,1,0,5
4251-UJCSCO-W61,0,1,0,5,2,2,1,2,4,0,0,0,1,1,1,1,0,2
2484-ZFXONS-Y8G,0,2,1,3,4,3,0,2,4,1,1,0,1,1,1,1,0,5
1163-JCDRWZ-Q3K,0,2,0,2,2,1,0,1,1,1,0,1,0,0,0,0,0,4
1351-APLKEM-62K,0,5,0,3,2,1,0,2,2,0,0,0,1,1,1,1,0,3
5161-SAEGFS-T7Q,0,2,0,5,5,1,0,4,4,1,1,4,1,1,1,1,1,3
2459-RBRPIE-BI3,0,3,0,4,2,1,1,3,5,1,1,3,1,0,0,1,0,1
2591-HAWSSX-B1M,0,2,0,4,4,1,0,2,1,1,1,2,1,1,1,1,1,2
0044-LVJIBD-G76,0,4,1,4,3,1,0,3,3,0,0,0,0,1,0,0,0,4
8454-WYVBYJ-22N,0,4,1,6,3,1,0,4,5,1,0,1,1,1,0,1,1,2
9769-TIWOIU-7YX,0,1,0,3,2,1,1,2,2,0,0,3,0,0,0,0,0,3
9999-EGLHVE-19G,0,2,0,3,3,5,1,3,1,1,1,4,1,1,1,1,1,1
7731-TDRNOT-PZX,0,3,0,2,3,1,0,1,3,0,0,0,1,1,1,1,0,2
4030-WSTXBV-BTC,0,2,1,6,2,2,0,5,5,0,0,0,0,0,1,0,0,3
5547-KHAYAE-2AW,0,4,1,6,1,3,0,5,5,0,0,2,0,0,0,0,0,2
2581-UPECEP-JVH,0,3,0,4,3,1,0,3,5,1,1,1,1,1,1,1,0,3
5649-GIECLS-1ZJ,0,1,0,6,2,2,0,3,2,0,0,0,0,0,0,0,0,1
8320-TNOHJH-48E,0,3,0,3,5,1,0,1,1,1,1,4,0,0,1,0,1,2
5593-ZOVUTO-QGA,0,1,1,6,4,1,0,3,5,0,0,1,0,0,0,1,0,3
0127-NJJYNR-WUP,0,1,1,5,3,3,0,5,3,0,0,0,0,0,0,0,0,1
4080-WVWCSJ-5KU,0,1,1,6,3,1,0,5,5,1,0,2,0,0,0,0,1,3
8974-LHXTHT-IZ5,0,3,1,4,3,2,1,2,3,1,0,0,0,0,0,0,0,3
4563-GBQFAH-LGL,0,1,0,3,2,3,0,2,4,0,0,0,0,0,0,0,0,1
7833-BKSOZR-8NC,0,4,0,3,3,2,0,1,3,0,0,0,0,1,1,0,0,4
2833-ORNEXA-0T3,0,1,0,6,1,6,0,5,5,0,0,0,0,0,0,0,0,2
3086-WRWJTT-HZR,0,3,1,3,4,2,0,1,2,1,0,4,0,0,0,0,1,3
7981-ZGZQNR-WLL,0,4,0,3,4,1,0,1,3,0,0,2,0,0,0,0,0,3
1090-UJJPXK-6CC,0,5,0,6,5,2,0,3,4,1,1,3,1,1,1,1,1,4
9484-XPXYRM-EKK,0,1,0,5,1,1,0,5,5,0,0,0,0,1,1,1,0,1
1833-MUWCIB-24I,0,1,1,5,3,1,0,2,5,0,1,1,1,1,1,0,0,1
6700-YQAMUY-AMS,0,2,1,2,3,2,0,1,2,0,0,0,1,1,1,1,0,5
0256-JXPOLY-RHL,0,3,1,5,1,6,0,5,5,0,0,0,1,0,1,1,0,1
4323-JKNASP-Z5I,0,3,1,6,3,1,0,4,5,0,0,0,1,1,1,1,0,4
3198-MUUHTP-59E,0,3,1,5,4,2,0,2,5,0,0,0,0,0,0,1,0,2
9758-OITZZF-IN8,0,5,1,5,2,2,0,3,5,0,0,0,0,0,0,0,0,5
1537-EOLBHN-V36,0,1,1,5,2,2,0,2,2,0,0,0,1,1,1,1,0,4
2226-UNHNYR-8Z9,0,2,0,6,4,1,1,5,5,1,1,3,1,1,1,1,0,5
3677-RCTNGD-2YK,0,1,0,5,4,2,0,3,5,0,0,1,1,1,1,1,0,2
9829-URPLKI-D16,0,1,0,5,2,1,0,4,5,0,0,1,0,0,0,0,0,1
1168-SOZEIT-VZE,0,5,1,3,2,5,0,2,3,0,1,4,1,1,1,1,0,5
5707-ZSNWSX-HMG,0,2,1,2,2,6,1,1,1,1,1,4,0,0,0,0,1,4
9325-WPUGWE-EUA,0,2,0,4,5,6,0,4,5,1,0,4,0,1,1,1,0,3
2016-DLJMNC-NIF,0,1,0,6,5,5,0,5,3,1,0,4,0,0,1,1,1,4
7131-DZKXSP-AYH,0,3,1,5,2,1,1,4,2,0,0,0,1,1,1,1,0,1
7618-WWRKRN-8S6,0,1,1,5,3,1,0,3,5,0,0,3,0,1,1,0,0,3
3845-JKYVBV-CUZ,0,2,1,4,1,2,0,2,5,0,0,0,0,1,0,1,0,1
9841-HCDWMI-E3T,0,2,1,6,2,6,1,5,5,0,0,0,0,0,0,1,0,1
6411-UBAAYJ-XDJ,0,1,0,5,4,1,0,3,5,0,0,0,1,1,1,1,0,1
6670-CAOOLM-DC3,0,1,1,3,4,6,1,2,4,1,0,0,0,0,0,0,1,2
8896-GPAXGQ-GFS,0,1,1,5,4,6,0,5,5,1,0,4,0,0,0,0,1,1
1716-RVHNCT-ZVF,0,2,1,5,4,1,0,4,5,0,0,0,1,1,1,1,0,3
4668-SXFBSK-ENH,0,4,1,3,4,3,0,2,4,1,0,3,0,0,0,0,1,2
6281-YXHVKP-VKM,0,1,1,5,4,6,0,5,5,1,0,1,0,0,0,0,0,3
1844-MWTFIG-QB1,0,2,1,4,4,1,0,2,2,0,0,0,0,0,0,0,0,2
8789-SCPEIS-C7B,0,1,1,3,2,1,0,2,3,0,0,0,0,0,0,0,0,5
7291-GKVRNH-DFX,0,5,0,4,2,3,0,3,4,0,1,0,1,1,1,1,0,2
6672-TXBPJN-IDF,0,1,0,3,1,4,0,3,4,0,0,0,1,1,0,1,0,2
8350-CWQQCH-O07,0,1,0,3,4,1,0,1,3,1,1,4,0,0,0,0,1,2
6127-NZFYZA-1CA,0,1,0,5,2,5,0,5,5,0,0,2,0,0,0,0,0,2
1341-ZSKCOA-3SH,0,1,1,2,4,6,0,1,2,1,0,1,0,0,0,0,0,3
6618-IFTTDL-V8P,0,4,0,4,5,2,0,2,2,1,1,1,1,1,1,1,1,4
8505-MZQBHT-GH5,0,2,0,5,1,2,0,4,5,0,0,0,1,1,1,0,0,1
7556-RQGMIC-BXZ,0,3,1,5,1,1,0,3,3,0,0,0,0,0,0,0,0,1
5060-SERQNE-ND1,0,3,0,4,2,2,0,2,2,1,0,3,0,0,0,0,1,1
5561-RICGZN-AJ6,0,3,0,6,2,2,1,3,5,0,0,3,1,1,0,1,0,5
6531-KXPPVV-UYG,0,2,0,6,2,1,0,3,5,0,0,0,0,0,0,0,0,1
5540-HQXVZL-NKU,0,4,0,5,4,3,0,5,4,0,0,1,1,1,1,1,0,4
9860-AXCYEV-DW4,0,1,1,4,4,1,0,3,2,1,1,2,1,0,0,1,0,3
2476-OPMBAR-76N,0,4,1,3,4,5,0,2,3,1,1,2,0,0,0,0,1,2
1644-WUTPTF-V6K,0,1,1,6,2,5,0,5,5,0,0,0,0,0,0,0,0,1
7150-DZQCQB-HXX,0,4,1,6,3,1,0,4,5,0,0,0,1,1,1,1,0,5
5112-XIXXKN-WNM,0,2,1,3,2,5,0,3,2,0,0,2,0,0,0,0,1,4
0296-BWZTYP-TSU,0,1,0,6,5,3,1,5,5,0,1,0,1,1,1,1,0,1
9322-UHIXUR-7C7,0,4,1,3,3,1,0,2,3,1,1,3,1,1,0,0,1,3
8512-KZJXAA-A34,0,2,0,5,2,3,0,4,4,0,0,0,1,1,1,1,0,5
7962-MQXUZL-867,0,2,1,4,2,2,1,2,3,0,1,1,1,1,1,1,1,4
0739-WNEZRW-TK8,0,3,1,5,1,3,1,5,5,0,0,0,0,0,0,0,0,5
4492-CGFPOU-I65,0,1,0,4,5,4,0,3,3,1,1,2,1,1,1,1,1,1
9772-PVKSGK-BYH,0,1,1,6,2,1,0,5,5,0,0,0,0,1,1,0,0,4
9523-USJEJO-ATB,0,2,0,6,4,1,0,5,5,0,0,0,0,0,0,0,0,3
8763-QYSMSO-QJE,0,4,0,4,3,2,0,2,3,0,1,1,1,1,1,1,0,2
6650-HLORKG-TOD,0,5,1,4,3,3,0,4,5,1,0,2,1,1,1,1,1,4
2265-ODATGB-HEX,0,3,1,3,3,6,1,2,3,1,1,0,1,1,1,1,0,2
7621-GEJAXT-BJC,0,1,1,5,2,1,0,5,2,0,1,1,1,1,1,1,0,3
1150-JDPNOL-QAG,0,5,1,5,3,3,0,5,5,0,0,0,0,0,0,0,0,5
5761-YOVILE-GCH,0,4,0,3,5,3,0,1,2,1,1,2,1,1,1,1,1,4
0324-CARFOI-F9Q,0,3,0,4,2,1,1,3,2,1,0,3,0,0,0,1,1,2
6945-YQLRLR-PF0,0,3,1,2,3,6,0,1,2,1,0,3,0,0,0,0,1,3
2681-FGWTIM-PR4,0,5,0,5,3,4,0,5,5,0,0,1,0,1,0,0,0,3
5975-XCLPCP-DXU,0,2,0,3,2,2,1,1,3,0,0,2,1,1,1,0,0,3
3549-VYOSGM-1YA,0,2,0,5,2,2,0,2,5,0,0,0,0,0,0,0,0,1
9433-QMQDMN-KPW,0,3,0,5,1,3,0,5,5,0,0,0,0,0,0,0,0,1
0522-AGGIEE-B3P,0,3,0,4,3,1,1,3,5,0,0,1,1,0,1,1,0,4
0139-XRFSOB-402,0,2,0,4,3,3,0,3,2,1,1,4,0,0,0,0,1,1
0297-JQFCXO-IEU,0,1,1,3,2,2,0,1,4,1,1,2,1,1,1,1,1,1
2871-SNYBHM-CFV,0,3,1,3,3,2,0,1,2,1,1,4,1,0,0,0,1,3
0504-ADVPUZ-TX6,0,1,0,5,2,2,1,2,5,0,0,0,1,1,1,1,0,1
9381-GBLQVX-22A,0,2,0,5,1,1,1,5,4,0,0,0,1,1,1,1,0,1
1328-FSHKMU-DEN,0,4,0,5,2,4,0,5,3,1,0,2,0,0,0,0,1,5
3957-CXVHIS-5IC,0,2,0,3,3,2,0,1,3,0,0,0,1,0,1,1,0,1
5384-UZYOGL-D12,0,3,0,6,2,6,1,5,5,0,0,0,1,1,1,1,0,3
6461-FEHGND-IL1,0,1,1,6,2,5,0,5,5,0,1,0,1,1,1,1,0,4
7514-EULFIQ-VLP,0,3,0,4,5,6,0,3,5,1,1,2,1,1,1,1,1,5
3675-YYXWTP-H4F,0,3,0,6,2,2,0,3,5,1,1,3,1,1,1,1,1,4
4167-DAPNVW-9C5,0,5,0,5,2,5,1,3,2,0,0,0,1,0,0,0,0,5
8035-AAOARQ-CHX,0,2,0,6,5,6,0,5,5,0,0,1,0,0,0,0,0,2
7118-OKIQZT-P01,0,4,0,3,2,2,0,1,2,0,0,0,0,0,0,0,0,4
2736-SHWWRW-TA2,0,1,0,3,5,1,0,2,4,1,1,2,0,0,0,0,1,2
1241-BECLPB-0DV,0,5,1,3,3,1,1,1,3,0,0,0,1,1,1,1,0,5
4952-HQNBEK-KCJ,0,3,1,4,1,3,0,4,5,0,0,4,0,0,0,0,0,2
8585-ZAIQRV-V3O,0,1,0,5,2,2,0,2,1,1,1,4,1,1,1,1,1,4
0120-GCQSYY-BC4,0,4,0,6,3,2,0,4,5,0,0,1,0,0,0,0,0,4
9141-IMUZJW-U82,0,2,0,4,2,2,0,2,1,1,0,2,0,0,0,0,1,3
9877-ZIUCDE-U4J,0,2,1,5,3,2,1,3,3,0,0,0,1,0,0,0,0,3
7820-PLZGTY-X1X,0,5,0,5,5,1,1,3,4,1,0,3,0,0,0,0,1,5
9266-OLZOZZ-5H5,0,5,0,5,2,2,0,3,4,1,0,0,0,0,0,0,0,5
3493-FCRLYI-KXB,0,2,1,4,3,1,1,2,2,1,1,4,1,1,1,1,1,2
3757-RERTCC-6IF,0,4,0,4,4,1,1,2,4,1,1,4,1,1,0,1,1,3
9932-JRQLDZ-AYG,0,4,0,3,2,2,1,1,2,1,1,4,1,0,0,0,1,3
8413-FSASIJ-JYM,0,1,0,2,2,3,1,1,2,1,1,0,1,1,1,1,0,1
4537-OKWPPY-O6I,0,4,0,2,2,2,0,1,1,1,0,1,0,0,0,0,0,3
0206-WPXVWW-W8K,0,1,0,3,3,3,0,2,4,0,0,0,1,0,0,1,1,1
4220-KXXAHD-2EE,0,4,1,4,4,1,0,4,3,1,0,4,0,0,0,0,1,5
7153-LSYSBU-BBY,0,4,1,5,4,6,0,5,5,0,1,0,1,1,1,1,1,3
0455-EFUBYG-CW2,0,2,0,5,1,3,0,5,5,0,0,3,1,1,1,1,0,5
9540-SJICFS-LU2,0,3,1,3,4,6,0,1,2,1,0,4,0,0,0,0,1,3
2274-UGYWSN-SL3,0,3,0,5,2,3,0,5,5,0,0,1,1,1,1,1,0,2
8624-ACFLUI-IAT,0,1,1,4,2,2,0,2,5,0,0,1,0,0,0,0,0,2
4366-EKZZYP-O9U,0,5,1,3,3,1,0,2,1,1,0,4,0,0,0,0,0,5
8485-EOQMEY-W3H,0,3,1,5,2,3,0,5,4,0,0,1,0,0,0,0,0,5
6677-HFMVVT-AM5,0,3,1,4,4,4,0,3,3,0,0,1,1,1,1,1,0,5
5608-DVLMSV-KD0,0,3,0,4,2,2,0,2,3,0,0,0,1,0,1,0,0,5
1196-LXFRGW-4PI,0,5,1,4,3,2,0,1,2,0,0,0,1,0,1,0,0,5
4722-ZODSIY-HVL,0,2,1,5,2,2,0,2,3,1,0,3,1,0,1,1,0,4
8970-HPJHWA-ADR,0,5,0,6,2,4,0,5,5,0,0,2,0,0,0,0,1,5
6966-BEJNEM-J8E,0,2,0,3,4,5,0,1,3,1,1,2,1,1,1,1,1,2
8013-UVWBWL-O01,0,2,1,4,3,1,0,4,2,0,0,0,1,1,1,1,0,1
3328-JFBBON-Q61,0,1,0,4,4,1,0,2,1,1,0,0,0,1,0,0,0,3
2480-RBGZYO-AWH,0,1,0,6,4,2,0,2,4,0,0,0,0,0,1,0,0,1
0216-CBFAEO-2KQ,0,4,1,2,2,1,1,1,1,0,0,0,0,0,0,0,0,2
6319-CCXCLW-7UL,0,4,0,4,2,2,0,3,3,1,1,2,1,1,1,1,0,5
1006-NXBJVK-IB7,0,1,0,5,3,5,0,5,3,1,1,2,0,1,0,0,0,4
2582-FTCAHT-UIJ,0,3,1,5,3,5,0,5,3,0,0,0,1,1,1,1,0,2
1112-NHRPOQ-7OR,0,3,1,5,2,6,0,5,5,0,0,3,0,0,1,1,0,5
5386-SATTOH-CQ0,0,3,1,6,3,2,0,4,5,0,0,0,1,0,1,1,0,1
3685-WTAVBE-RC3,0,5,1,6,3,6,0,5,5,0,0,1,0,0,0,0,0,2
5525-ZLNYDQ-KWB,0,1,1,4,4,2,0,2,5,1,1,3,0,1,0,1,0,5
0813-CCISZQ-9OE,0,2,1,4,2,6,0,3,3,0,0,1,0,0,0,0,1,1
1365-PWONHV-GEQ,0,5,1,5,4,6,0,4,5,1,1,4,1,1,1,1,1,1
7765-EPLSBP-3Y8,0,4,0,5,4,1,0,5,5,1,1,4,1,0,1,1,1,1
7868-DWLPFD-4N4,0,2,1,5,4,5,0,4,5,0,0,3,0,0,0,0,1,1
9298-YHUIAW-0YS,0,4,0,6,2,1,0,4,5,0,0,0,0,0,0,0,0,2
2916-THRYUW-FN8,0,1,0,5,2,1,0,5,5,0,1,0,1,1,1,1,1,2
8438-ZMTWWO-5I8,0,1,0,6,4,6,0,5,5,1,1,3,1,1,1,1,1,1
7819-MKFQJY-7WQ,0,2,1,6,2,1,0,5,5,1,0,3,0,0,0,0,1,1
1393-BYEGCB-TB0,0,5,1,4,5,2,0,2,2,1,1,4,1,1,0,1,1,5
8783-KJXVKE-43W,0,2,1,3,4,5,1,2,2,1,1,3,1,1,1,1,1,5
0063-DWPGGH-D1I,0,1,1,4,3,2,0,2,2,1,0,3,0,0,0,0,1,1
4948-AKXWUE-3KV,0,5,1,6,3,3,0,5,5,0,0,3,0,0,0,0,0,5
8608-OGABQO-XFZ,0,2,0,4,1,2,0,2,2,0,0,0,1,1,1,1,0,5
8009-ALGRDH-LFA,0,1,0,5,2,3,0,4,3,0,0,0,1,0,0,0,1,3
2387-DDPNPM-O28,0,1,0,3,5,2,0,1,3,0,0,0,0,0,0,0,0,1
7268-IWPXCN-LTQ,0,1,1,3,1,6,1,2,2,0,1,0,1,1,1,1,0,1
6682-WREGJX-Z99,0,2,1,2,3,6,0,1,2,1,1,4,0,0,0,0,1,2
3368-ZCWPCN-HA0,0,1,1,6,4,6,0,5,5,0,0,1,0,1,0,0,0,1
9079-XPFBAP-SGV,0,5,1,6,2,2,0,3,4,1,1,3,0,0,0,0,1,3
1880-INKZQO-1BC,0,1,1,4,2,4,0,5,4,0,0,0,0,0,0,0,1,1
7267-RMHTZA-C3Y,0,4,0,6,2,2,1,4,5,1,0,4,1,1,0,0,0,2
9660-SKUWKE-D6O,0,3,1,6,2,2,0,3,5,0,0,0,0,0,1,0,1,4
9202-ICFPVU-5YX,0,5,1,4,4,6,0,4,5,1,1,4,0,0,1,1,1,5
4967-ODLSCM-0BB,0,2,1,6,1,6,1,5,4,0,0,0,0,0,0,0,0,1
1834-XSMYEN-4YY,0,3,0,6,2,5,0,5,5,0,0,0,0,0,0,0,0,2
7427-GBEXPI-I8A,0,3,0,5,1,2,0,3,4,0,0,0,0,1,0,1,0,2
4399-MPLFCL-9BF,0,1,1,4,4,3,0,2,5,1,0,1,0,0,0,0,1,3
3578-HUYDRN-L6T,0,2,1,5,1,3,0,5,5,0,1,0,1,1,1,1,0,4
0249-WNVELU-RFS,0,4,0,2,3,5,1,1,2,0,0,0,1,1,1,1,0,2
0805-UWFJJK-IBP,0,1,1,2,2,2,1,1,2,0,0,4,1,1,1,1,1,5
9646-FRBESD-5CK,0,2,0,5,4,2,0,2,2,1,0,1,1,0,0,1,0,2
8922-AOMTSH-MV7,0,1,1,6,3,1,0,4,4,0,1,0,1,1,1,1,0,3
2192-UDBMYJ-906,0,2,0,5,2,3,0,5,5,0,0,0,0,0,1,0,0,5
2556-MKLXCQ-BX9,0,4,1,3,4,2,1,1,2,1,1,2,1,1,1,1,1,4
1777-HBKRZD-JQO,0,5,1,5,3,2,0,2,4,1,0,1,0,0,0,0,1,3
9952-CNPOYJ-0KL,0,4,0,5,3,3,0,4,5,1,0,1,0,0,0,0,0,2
8325-ZRCRQV-455,0,1,1,4,4,1,0,3,5,1,1,1,1,0,0,1,1,1
1251-RESMMB-YF9,0,2,1,5,4,1,0,3,5,1,1,4,1,1,1,1,1,2
8722-QXBTTE-ZZN,0,4,0,4,1,2,0,2,3,0,0,0,0,0,1,0,0,4
7947-EPKTEL-1MC,0,1,0,4,1,4,0,5,5,1,0,1,1,0,0,1,0,4
1929-FGHSMO-Q5X,0,4,0,2,2,3,0,1,2,1,1,0,1,1,1,1,1,4
0834-RBTMKF-CU4,0,1,1,3,1,5,0,2,4,0,0,0,1,1,1,1,0,2
9699-YXPXDK-8T6,0,5,1,5,1,2,0,3,5,0,0,0,1,1,0,0,0,3
8583-RQVIST-7VX,0,2,1,5,2,2,0,4,4,0,0,0,1,1,0,0,0,4
3392-NJULOB-XK7,0,1,1,5,3,1,1,4,5,0,1,1,1,1,1,1,0,3
3452-DOHASX-2US,0,1,0,3,1,3,0,4,4,0,0,0,1,1,1,1,0,1
4956-VDMHXW-GKS,0,4,0,5,2,2,0,3,4,0,0,1,0,1,1,0,0,5
2237-TUKLNM-ZO0,0,3,1,6,2,5,0,5,5,1,0,0,0,0,0,1,1,1
3828-LGMSNZ-EVZ,0,1,0,6,3,1,0,5,2,0,1,3,1,1,1,1,1,3
4035-PPXNFZ-T23,0,4,0,4,3,3,0,4,5,1,0,1,0,0,0,0,1,3
8366-QJOKTN-CCN,0,2,1,5,4,2,0,3,5,0,0,4,0,1,0,1,1,3
7566-GMUKDS-XU5,0,2,0,4,2,2,0,2,5,0,0,0,0,1,0,0,0,5
5516-LPBDAU-154,0,2,0,6,4,2,0,4,3,1,1,2,0,1,0,0,1,1
1440-RJDTZI-UQW,0,1,1,6,2,6,0,5,5,0,0,1,0,0,0,0,1,2
5023-ODJCVE-0NJ,0,3,0,6,1,2,0,2,3,1,0,1,0,0,0,0,1,2
0121-DXYYZN-UXZ,0,4,0,3,4,2,0,1,3,0,0,1,0,0,0,0,1,3
5634-ISKLHN-QQY,0,3,0,6,4,1,0,4,3,1,1,4,1,1,1,1,1,5
9371-AWVRRA-R9V,0,4,1,6,3,2,0,5,2,1,0,2,0,1,1,0,1,3
6695-ZNEGRG-VXI,0,4,1,5,2,2,0,1,3,1,0,2,0,0,1,0,1,3
4288-VFIKHM-0EB,0,4,0,5,3,6,0,4,5,1,1,4,1,1,1,1,1,1
6119-EFZLRD-HDT,0,4,0,6,1,3,0,5,5,0,0,0,1,1,1,1,0,5
3992-YOCQDJ-8IG,0,2,0,5,2,6,0,5,5,0,0,2,0,0,0,0,0,5
9672-IOQEXF-W7O,0,4,0,4,1,4,0,4,5,0,0,0,1,1,1,1,0,3
4515-SJCSTC-N2E,0,2,1,4,2,2,0,2,3,1,0,1,0,0,1,1,1,2
7920-JTYUYJ-YYP,0,1,1,6,2,1,0,5,5,1,0,3,0,0,0,0,1,2
5750-CLGDQH-59F,0,1,0,5,5,1,0,2,4,0,0,4,1,1,1,1,1,4
2268-SLMOUA-4NQ,0,3,1,4,1,3,0,4,5,0,0,3,0,0,0,0,0,3
0224-HMKMEG-EJF,0,2,1,2,2,4,0,1,1,0,0,0,1,1,0,1,0,1
3368-OZTRCS-7YE,0,3,1,4,3,1,1,2,4,0,0,0,1,0,0,1,0,2
7072-FQJEQO-MMD,0,4,1,6,4,6,0,5,5,0,0,0,0,0,0,1,0,5
7223-WQOPSV-H4H,0,4,0,3,2,1,0,2,4,0,0,0,1,1,1,1,1,4
8898-ORQVDW-F5B,0,2,0,5,1,6,0,5,3,0,0,0,1,0,1,1,0,3
9165-BGQZIE-JB5,0,2,1,5,4,6,0,4,3,1,1,2,1,0,1,1,1,4
3211-CRAXTL-L7G,0,4,1,4,4,1,0,2,3,1,0,1,0,0,0,0,1,4
4467-HQTBGE-T9R,0,5,0,3,4,3,0,2,2,1,1,4,0,0,0,0,1,5
3741-RLHCJC-6U3,0,4,0,3,3,3,1,3,4,0,0,0,0,0,0,0,1,3
3616-HWFWRS-J0L,0,1,0,2,3,5,1,1,2,1,1,4,1,0,1,1,1,2
6487-QVKCTD-070,0,1,1,6,3,2,0,3,5,0,0,1,0,0,0,0,1,1
2845-KNIRYP-1AZ,0,3,1,5,4,1,0,5,5,1,1,2,1,1,1,1,0,3
5259-ZYZWME-F11,0,1,1,4,1,2,0,2,3,0,0,0,0,0,0,0,1,4
0692-OLRDWC-XGB,0,4,1,4,4,5,0,2,4,1,0,1,0,0,0,0,0,5
5848-OBDEYF-QFM,0,3,1,3,3,3,0,2,3,1,0,3,0,0,0,0,1,5
2957-ETHHYR-BGZ,0,3,0,2,3,5,0,1,2,1,0,4,0,0,1,1,0,5
5006-BNNHTO-OTT,0,1,0,4,2,2,1,2,5,0,0,2,0,0,0,0,0,2
5965-LSSWOB-EBG,0,4,1,2,3,2,0,1,2,1,0,3,0,0,0,0,1,5
7497-UQMUDN-ISJ,0,1,0,4,2,6,0,4,5,0,0,0,1,1,1,1,0,3
9463-GTNGEI-EIZ,0,1,0,6,1,2,0,4,5,0,0,0,1,1,1,1,0,3
4830-IXDHQP-PGJ,0,2,0,5,2,6,0,5,2,0,0,0,0,1,0,1,0,2
8824-SHUCKM-5H0,0,2,0,5,3,3,0,4,3,0,0,0,1,0,1,0,0,3
2671-KHXXZH-R6J,0,3,0,4,4,6,1,4,4,0,0,0,1,1,1,1,0,1
9706-LRUNNB-VUT,0,2,1,2,2,1,1,2,1,0,1,0,1,1,1,1,0,5
1941-WNBUWJ-TT4,0,4,1,5,3,4,0,5,5,0,0,0,1,0,1,1,0,3
6628-IPPLBH-OTD,0,2,0,4,3,5,0,3,4,1,1,2,1,1,1,1,0,5
5950-ABTMRH-4D5,0,3,0,3,1,2,0,1,3,0,1,0,0,1,0,1,0,5
3119-MCSDET-L9F,0,2,0,4,4,2,1,2,2,0,1,1,1,1,1,1,0,5
9473-DFUBBK-ZNM,0,4,1,3,4,2,0,1,4,1,1,1,1,1,1,1,1,5
4115-QQAQMS-3UO,0,4,1,4,2,6,1,5,5,0,0,0,0,0,0,0,0,5
8492-XMDDBH-M71,0,3,0,5,2,4,0,5,5,0,0,0,0,0,0,0,0,1
9949-AFKEEO-2UJ,0,2,0,6,5,3,0,5,5,1,1,4,1,1,1,1,1,3
4259-LUYYFF-MOM,0,4,1,4,4,6,0,4,5,1,1,0,0,1,1,1,1,4
8614-KKHWFJ-HPK,0,3,0,5,3,2,0,3,5,0,0,3,0,0,0,0,0,5
3436-UUXXBT-FLN,0,3,0,2,2,4,0,1,1,1,0,4,1,0,0,0,1,5
3427-RFRVJO-UTV,0,4,0,5,2,2,0,2,4,0,0,0,0,0,0,0,0,4
2675-YSBKYV-O7V,0,4,0,5,1,3,0,5,5,1,1,1,1,1,0,1,1,4
1742-XEDSAA-8WT,0,3,1,6,2,1,0,5,5,1,1,0,0,0,0,0,1,4
1121-PQHFDY-UBW,0,5,1,5,1,2,0,3,5,0,0,0,0,0,1,0,0,5
5550-RHCYLI-I46,0,3,0,4,4,2,1,1,1,1,1,4,0,0,0,0,1,1
6849-INEROL-JMY,0,3,0,4,4,2,0,1,1,1,1,2,1,0,1,0,1,3
6385-FTTNJU-7GQ,0,5,1,5,3,2,0,2,2,0,0,3,0,0,0,0,1,5
0255-AJDJGP-JXL,0,2,1,4,3,2,0,2,3,1,0,3,0,1,0,0,1,3
0627-MAMIBI-P9U,0,4,0,4,2,1,0,3,5,0,0,0,1,0,1,1,0,3
9859-HVFWTA-SPQ,0,4,1,4,2,4,0,3,2,0,0,0,0,1,0,0,0,5
4109-JHKHTK-DYJ,0,4,0,4,4,2,0,1,2,1,0,1,1,0,1,0,0,5
7434-XKONYL-EBW,0,3,0,6,1,1,0,3,5,0,0,1,1,1,1,1,0,5
5599-BCQQRG-DPB,0,1,0,3,4,3,0,2,4,0,0,1,0,0,0,0,0,1
1542-CBENYH-O88,0,1,0,5,3,2,1,2,2,0,0,0,1,1,1,1,0,3
4565-ZGPUAQ-WCB,0,1,0,5,3,6,1,5,4,0,0,0,0,0,1,0,0,2
7029-AQGOSU-NID,0,2,0,5,2,3,0,4,4,0,0,0,0,0,0,0,0,3
3566-DRQMDC-TNF,0,1,0,6,2,2,0,3,3,0,0,0,1,0,0,0,0,2
5907-WLVNJA-C0N,0,4,0,4,2,4,0,4,3,0,0,0,1,1,1,1,0,3
9337-MAIPAF-W8G,0,2,0,3,4,2,0,1,2,0,0,1,1,1,1,0,0,1
9693-EYQCTU-O92,0,4,1,5,4,2,0,3,3,0,0,0,1,0,1,0,0,3
3580-ESDOJO-PLY,0,4,0,4,3,1,0,2,4,1,1,3,1,1,1,0,1,4
8556-OAMUPP-4YG,0,4,0,4,4,4,0,4,5,0,1,3,0,1,1,1,1,4
9755-GDNGDU-RHC,0,3,0,2,2,2,0,1,1,1,0,1,1,1,0,1,0,2
7448-PLNMET-VCI,0,1,0,6,1,2,0,3,5,0,0,0,0,0,0,0,0,2
0995-IKDXEO-UL1,0,5,0,6,2,2,0,2,2,1,0,4,1,0,0,0,0,4
3527-XFEFWW-08A,0,5,1,6,1,5,0,5,5,0,0,0,0,0,1,0,0,3
2915-PWFHWV-VJT,0,2,0,4,4,1,0,2,4,0,1,3,0,0,1,0,0,2
7634-DYMZLJ-1FV,0,1,0,4,4,2,0,2,4,1,1,3,1,1,0,0,1,1
5967-QLYOLM-8QN,0,5,0,2,3,5,0,1,2,0,0,3,0,0,0,0,1,5
0629-NGBEXR-SD1,0,2,0,5,2,6,0,5,5,0,0,0,0,0,0,1,0,2
4227-XNKGCM-1JC,0,2,0,5,3,5,1,4,5,0,0,0,1,1,0,1,0,1
7244-NTQUTS-IDH,0,2,1,6,2,1,0,5,5,0,0,0,0,1,0,1,1,5
4615-QZQSAY-D51,0,5,0,2,2,6,0,1,1,1,1,1,1,1,1,1,0,4
5716-RSRKLP-5GG,0,2,0,3,3,1,0,1,3,0,0,1,0,0,0,0,0,1
5380-DOESXJ-FLH,0,3,0,4,4,2,0,1,4,0,1,2,0,1,1,0,0,4
0151-PMYWWF-53S,0,1,0,5,3,2,0,3,2,0,0,1,1,1,1,1,0,2
6748-SBHSWH-5YE,0,1,1,4,4,6,0,5,5,1,1,2,1,1,1,1,1,1
9099-FFFQAY-E5L,0,3,0,3,1,6,0,3,2,0,1,1,1,1,1,1,0,5
4379-AXDMBJ-ZW4,0,4,1,5,3,5,0,5,3,1,1,4,1,1,1,1,1,4
9115-KVYZEP-B7Q,0,2,0,5,1,6,0,5,5,0,0,3,0,0,0,0,0,1
0682-JUKJXV-J8M,0,1,1,3,2,1,0,1,3,1,0,0,1,0,0,0,0,3
6584-OXUOQX-XLL,0,3,1,4,3,1,0,3,3,1,0,2,1,0,1,0,0,3
2370-SDAXRA-MZA,0,3,1,6,2,5,0,5,5,0,0,0,0,1,1,1,0,2
8266-FRTLWJ-0DV,0,1,1,3,1,2,0,1,3,0,0,0,0,0,0,0,0,4
6989-FAVLSU-F2E,0,3,1,6,2,6,0,5,5,0,0,0,0,0,0,0,0,5
7275-NTATAS-Q5B,0,3,1,5,1,3,0,5,5,0,0,0,0,0,0,0,0,4
8352-CUJWGY-KS0,0,3,1,2,4,3,0,1,2,1,0,1,0,0,0,0,1,3
7201-MHZOOH-HAG,0,1,1,6,3,5,0,5,5,1,1,2,1,0,1,1,0,1
7114-PVNDDF-M7E,0,4,1,6,3,2,0,2,5,0,0,2,1,0,0,0,1,5
1068-MWHNDT-1WC,0,4,0,6,5,6,0,5,4,1,1,4,1,1,1,1,1,5
8629-HYFVOR-FTL,0,5,1,5,1,2,0,3,5,0,0,0,1,1,1,1,0,3
0804-IGMRBV-4TS,0,4,1,4,3,6,0,3,2,1,1,2,1,0,1,1,1,5
6522-HZJXBL-K1X,0,1,1,3,3,1,0,2,4,0,0,0,0,0,0,0,0,4
2346-XOLOPT-KCY,0,1,1,5,3,5,0,5,5,1,1,2,1,1,1,1,1,2
6246-GQGGGZ-BIB,0,4,1,5,5,2,0,3,4,0,1,0,1,1,1,1,0,2
6310-RDCRWA-S03,0,5,0,4,4,3,0,2,3,1,1,1,1,1,1,1,0,4
5875-LSAGSD-2V5,0,4,1,4,1,1,1,3,4,0,1,1,1,1,1,1,1,5
0871-WPZJPL-UJP,0,1,0,4,3,2,1,2,3,0,0,0,1,0,0,0,0,2
9872-RSYZHI-NQ9,0,1,1,5,1,1,0,4,2,0,0,0,0,0,0,0,0,3
